date,item_id,quantity_sold,payment_type,status
2025-09-01,ITEM_01,87.0,Card,COMPLETED
2025-09-01,ITEM_02,39.0,Cash,COMPLETED
2025-09-01,ITEM_03,32.0,Card,COMPLETED
2025-09-01,ITEM_04,52.0,Card,COMPLETED
2025-09-01,ITEM_05,56.0,Card,COMPLETED
2025-09-01,ITEM_06,17.0,Card,COMPLETED
2025-09-01,ITEM_07,19.0,Card,COMPLETED
2025-09-01,ITEM_08,29.0,Card,COMPLETED
2025-09-02,ITEM_01,84.0,Card,COMPLETED
2025-09-02,ITEM_02,38.0,Card,COMPLETED
2025-09-02,ITEM_03,27.0,Card,COMPLETED
2025-09-02,ITEM_04,46.0,Card,COMPLETED
2025-09-02,ITEM_05,61.0,Cash,COMPLETED
2025-09-02,ITEM_06,14.0,Card,COMPLETED
2025-09-02,ITEM_07,38.0,Card,COMPLETED
2025-09-02,ITEM_08,24.0,Card,COMPLETED
2025-09-03,ITEM_01,82.0,Cash,COMPLETED
2025-09-03,ITEM_02,33.0,Cash,COMPLETED
2025-09-03,ITEM_03,30.0,Card,COMPLETED
2025-09-03,ITEM_04,47.0,Card,COMPLETED
2025-09-03,ITEM_05,64.0,Card,COMPLETED
2025-09-03,ITEM_06,9.0,Card,COMPLETED
2025-09-03,ITEM_07,23.0,Card,COMPLETED
2025-09-03,ITEM_08,26.0,Card,COMPLETED
2025-09-04,ITEM_01,82.0,Card,COMPLETED
2025-09-04,ITEM_02,45.0,Card,COMPLETED
2025-09-04,ITEM_03,26.0,Card,COMPLETED
2025-09-04,ITEM_04,50.0,Cash,COMPLETED
2025-09-04,ITEM_05,61.0,Card,COMPLETED
2025-09-04,ITEM_06,19.0,Card,COMPLETED
2025-09-04,ITEM_07,30.0,Card,COMPLETED
2025-09-04,ITEM_08,25.0,Card,COMPLETED
2025-09-05,ITEM_01,77.0,Card,COMPLETED
2025-09-05,ITEM_02,39.0,Card,COMPLETED
2025-09-05,ITEM_03,37.0,Cash,COMPLETED
2025-09-05,ITEM_04,49.0,Card,COMPLETED
2025-09-05,ITEM_05,65.0,Card,COMPLETED
2025-09-05,ITEM_06,15.0,Cash,COMPLETED
2025-09-05,ITEM_07,26.0,Card,COMPLETED
2025-09-05,ITEM_08,30.0,Card,COMPLETED
2025-09-06,ITEM_01,106.0,Card,COMPLETED
2025-09-06,ITEM_02,50.0,Card,COMPLETED
2025-09-06,ITEM_03,42.0,Card,COMPLETED
2025-09-06,ITEM_04,69.0,Cash,COMPLETED
2025-09-06,ITEM_05,79.0,Card,COMPLETED
2025-09-06,ITEM_06,11.0,Card,COMPLETED
2025-09-06,ITEM_07,34.0,Card,COMPLETED
2025-09-06,ITEM_08,42.0,Card,COMPLETED
2025-09-07,ITEM_01,110.0,Cash,COMPLETED
2025-09-07,ITEM_02,63.0,Card,COMPLETED
2025-09-07,ITEM_03,48.0,Card,COMPLETED
2025-09-07,ITEM_04,65.0,Card,COMPLETED
2025-09-07,ITEM_05,75.0,Card,COMPLETED
2025-09-07,ITEM_06,23.0,Cash,COMPLETED
2025-09-07,ITEM_07,40.0,Cash,COMPLETED
2025-09-07,ITEM_08,36.0,Card,COMPLETED
2025-09-08,ITEM_01,94.0,Card,COMPLETED
2025-09-08,ITEM_02,45.0,Card,COMPLETED
2025-09-08,ITEM_03,39.0,Card,COMPLETED
2025-09-08,ITEM_04,49.0,Card,COMPLETED
2025-09-08,ITEM_05,5.0,Card,COMPLETED
2025-09-08,ITEM_06,16.0,Cash,COMPLETED
2025-09-08,ITEM_07,14.0,Cash,COMPLETED
2025-09-08,ITEM_08,37.0,Card,COMPLETED
2025-09-09,ITEM_01,87.0,Cash,COMPLETED
2025-09-09,ITEM_02,47.0,Card,COMPLETED
2025-09-09,ITEM_03,36.0,Card,COMPLETED
2025-09-09,ITEM_04,50.0,Card,COMPLETED
2025-09-09,ITEM_05,70.0,Card,COMPLETED
2025-09-09,ITEM_06,1.0,Cash,COMPLETED
2025-09-09,ITEM_07,20.0,Cash,COMPLETED
2025-09-09,ITEM_08,32.0,Card,COMPLETED
2025-09-10,ITEM_01,84.0,Card,COMPLETED
2025-09-10,ITEM_02,4.0,Cash,COMPLETED
2025-09-10,ITEM_03,28.0,Card,COMPLETED
2025-09-10,ITEM_04,52.0,Card,COMPLETED
2025-09-10,ITEM_05,63.0,Card,COMPLETED
2025-09-10,ITEM_06,21.0,Card,COMPLETED
2025-09-10,ITEM_07,33.0,Cash,COMPLETED
2025-09-10,ITEM_08,2.0,Card,COMPLETED
2025-09-11,ITEM_01,86.0,Card,COMPLETED
2025-09-11,ITEM_02,35.0,Card,COMPLETED
2025-09-11,ITEM_03,34.0,Card,COMPLETED
2025-09-11,ITEM_04,44.0,Card,COMPLETED
2025-09-11,ITEM_05,63.0,Card,COMPLETED
2025-09-11,ITEM_06,18.0,Card,COMPLETED
2025-09-11,ITEM_07,27.0,Card,COMPLETED
2025-09-11,ITEM_08,31.0,Card,COMPLETED
2025-09-12,ITEM_01,79.0,Card,COMPLETED
2025-09-12,ITEM_02,36.0,Card,COMPLETED
2025-09-12,ITEM_03,41.0,Card,COMPLETED
2025-09-12,ITEM_04,43.0,Card,COMPLETED
2025-09-12,ITEM_05,47.0,Cash,COMPLETED
2025-09-12,ITEM_06,18.0,Card,COMPLETED
2025-09-12,ITEM_07,22.0,Card,COMPLETED
2025-09-12,ITEM_08,24.0,Card,COMPLETED
2025-09-13,ITEM_01,109.0,Card,COMPLETED
2025-09-13,ITEM_02,49.0,Cash,COMPLETED
2025-09-13,ITEM_03,47.0,Cash,COMPLETED
2025-09-13,ITEM_04,61.0,Card,COMPLETED
2025-09-13,ITEM_05,76.0,Cash,COMPLETED
2025-09-13,ITEM_06,17.0,Card,COMPLETED
2025-09-13,ITEM_07,34.0,Card,COMPLETED
2025-09-13,ITEM_08,37.0,Card,COMPLETED
2025-09-14,ITEM_01,115.0,Cash,COMPLETED
2025-09-14,ITEM_02,52.0,Card,COMPLETED
2025-09-14,ITEM_03,44.0,Cash,COMPLETED
2025-09-14,ITEM_04,60.0,Card,COMPLETED
2025-09-14,ITEM_05,78.0,Card,COMPLETED
2025-09-14,ITEM_06,23.0,Card,COMPLETED
2025-09-14,ITEM_07,25.0,Card,COMPLETED
2025-09-14,ITEM_08,48.0,Card,COMPLETED
2025-09-15,ITEM_01,77.0,Card,COMPLETED
2025-09-15,ITEM_02,47.0,Cash,COMPLETED
2025-09-15,ITEM_03,34.0,Card,COMPLETED
2025-09-15,ITEM_04,51.0,Cash,COMPLETED
2025-09-15,ITEM_05,59.0,Card,COMPLETED
2025-09-15,ITEM_06,17.0,Card,COMPLETED
2025-09-15,ITEM_07,17.0,Cash,COMPLETED
2025-09-15,ITEM_08,37.0,Card,COMPLETED
2025-09-16,ITEM_01,85.0,Card,COMPLETED
2025-09-16,ITEM_02,39.0,Card,COMPLETED
2025-09-16,ITEM_03,35.0,Card,COMPLETED
2025-09-16,ITEM_04,54.0,Card,COMPLETED
2025-09-16,ITEM_05,66.0,Cash,COMPLETED
2025-09-16,ITEM_06,19.0,Cash,COMPLETED
2025-09-16,ITEM_07,2.0,Card,COMPLETED
2025-09-16,ITEM_08,31.0,Card,COMPLETED
2025-09-17,ITEM_01,79.0,Cash,COMPLETED
2025-09-17,ITEM_02,38.0,Card,COMPLETED
2025-09-17,ITEM_03,30.0,Card,COMPLETED
2025-09-17,ITEM_04,45.0,Card,COMPLETED
2025-09-17,ITEM_05,64.0,Card,COMPLETED
2025-09-17,ITEM_06,14.0,Card,COMPLETED
2025-09-17,ITEM_07,26.0,Card,COMPLETED
2025-09-17,ITEM_08,24.0,Card,COMPLETED
2025-09-18,ITEM_01,83.0,Cash,COMPLETED
2025-09-18,ITEM_02,36.0,Cash,COMPLETED
2025-09-18,ITEM_03,35.0,Cash,COMPLETED
2025-09-18,ITEM_04,47.0,Card,COMPLETED
2025-09-18,ITEM_05,70.0,Card,COMPLETED
2025-09-18,ITEM_06,16.0,Card,COMPLETED
2025-09-18,ITEM_07,2.0,Card,COMPLETED
2025-09-18,ITEM_08,34.0,Card,COMPLETED
2025-09-19,ITEM_01,84.0,Card,COMPLETED
2025-09-19,ITEM_02,37.0,Card,COMPLETED
2025-09-19,ITEM_03,38.0,Card,COMPLETED
2025-09-19,ITEM_04,47.0,Card,COMPLETED
2025-09-19,ITEM_05,59.0,Card,COMPLETED
2025-09-19,ITEM_06,18.0,Card,COMPLETED
2025-09-19,ITEM_07,22.0,Cash,COMPLETED
2025-09-19,ITEM_08,29.0,Card,COMPLETED
2025-09-20,ITEM_01,118.0,Card,COMPLETED
2025-09-20,ITEM_02,60.0,Cash,COMPLETED
2025-09-20,ITEM_03,38.0,Card,COMPLETED
2025-09-20,ITEM_04,61.0,Card,COMPLETED
2025-09-20,ITEM_05,84.0,Card,COMPLETED
2025-09-20,ITEM_06,13.0,Cash,COMPLETED
2025-09-20,ITEM_07,30.0,Card,COMPLETED
2025-09-20,ITEM_08,3.0,Card,COMPLETED
2025-09-21,ITEM_01,108.0,Cash,COMPLETED
2025-09-21,ITEM_02,53.0,Card,COMPLETED
2025-09-21,ITEM_03,51.0,Card,COMPLETED
2025-09-21,ITEM_04,57.0,Card,COMPLETED
2025-09-21,ITEM_05,69.0,Cash,COMPLETED
2025-09-21,ITEM_06,17.0,Card,COMPLETED
2025-09-21,ITEM_07,26.0,Cash,COMPLETED
2025-09-21,ITEM_08,4.0,Card,COMPLETED
2025-09-22,ITEM_01,85.0,Card,COMPLETED
2025-09-22,ITEM_02,38.0,Cash,COMPLETED
2025-09-22,ITEM_03,35.0,Cash,COMPLETED
2025-09-22,ITEM_04,53.0,Card,COMPLETED
2025-09-22,ITEM_05,52.0,Cash,COMPLETED
2025-09-22,ITEM_06,17.0,Card,COMPLETED
2025-09-22,ITEM_07,2.0,Card,COMPLETED
2025-09-22,ITEM_08,29.0,Card,COMPLETED
2025-09-23,ITEM_01,80.0,Card,COMPLETED
2025-09-23,ITEM_02,40.0,Card,COMPLETED
2025-09-23,ITEM_03,36.0,Card,COMPLETED
2025-09-23,ITEM_04,46.0,Card,COMPLETED
2025-09-23,ITEM_05,66.0,Card,COMPLETED
2025-09-23,ITEM_06,15.0,Card,COMPLETED
2025-09-23,ITEM_07,28.0,Card,COMPLETED
2025-09-23,ITEM_08,35.0,Card,COMPLETED
2025-09-24,ITEM_01,90.0,Card,COMPLETED
2025-09-24,ITEM_02,39.0,Card,COMPLETED
2025-09-24,ITEM_03,42.0,Cash,COMPLETED
2025-09-24,ITEM_04,58.0,Card,COMPLETED
2025-09-24,ITEM_05,53.0,Card,COMPLETED
2025-09-24,ITEM_06,22.0,Card,COMPLETED
2025-09-24,ITEM_07,,Cash,CORRUPTED
2025-09-24,ITEM_08,21.0,Cash,COMPLETED
2025-09-25,ITEM_01,95.0,Cash,COMPLETED
2025-09-25,ITEM_02,33.0,Card,COMPLETED
2025-09-25,ITEM_03,28.0,Card,COMPLETED
2025-09-25,ITEM_04,53.0,Card,COMPLETED
2025-09-25,ITEM_05,60.0,Card,COMPLETED
2025-09-25,ITEM_06,17.0,Card,COMPLETED
2025-09-25,ITEM_07,21.0,Card,COMPLETED
2025-09-25,ITEM_08,32.0,Card,COMPLETED
2025-09-26,ITEM_01,85.0,Cash,COMPLETED
2025-09-26,ITEM_02,43.0,Card,COMPLETED
2025-09-26,ITEM_03,36.0,Cash,COMPLETED
2025-09-26,ITEM_04,46.0,Card,COMPLETED
2025-09-26,ITEM_05,49.0,Card,COMPLETED
2025-09-26,ITEM_06,20.0,Card,COMPLETED
2025-09-26,ITEM_07,25.0,Card,COMPLETED
2025-09-26,ITEM_08,24.0,Cash,COMPLETED
2025-09-27,ITEM_01,104.0,Card,COMPLETED
2025-09-27,ITEM_02,59.0,Card,COMPLETED
2025-09-27,ITEM_03,47.0,Cash,COMPLETED
2025-09-27,ITEM_04,64.0,Cash,COMPLETED
2025-09-27,ITEM_05,73.0,Cash,COMPLETED
2025-09-27,ITEM_06,18.0,Card,COMPLETED
2025-09-27,ITEM_07,33.0,Card,COMPLETED
2025-09-27,ITEM_08,40.0,Cash,COMPLETED
2025-09-28,ITEM_01,110.0,Card,COMPLETED
2025-09-28,ITEM_02,57.0,Card,COMPLETED
2025-09-28,ITEM_03,48.0,Card,COMPLETED
2025-09-28,ITEM_04,57.0,Cash,COMPLETED
2025-09-28,ITEM_05,69.0,Card,COMPLETED
2025-09-28,ITEM_06,27.0,Card,COMPLETED
2025-09-28,ITEM_07,3.0,Card,COMPLETED
2025-09-28,ITEM_08,36.0,Cash,COMPLETED
2025-09-29,ITEM_01,91.0,Card,COMPLETED
2025-09-29,ITEM_02,38.0,Card,COMPLETED
2025-09-29,ITEM_03,39.0,Cash,COMPLETED
2025-09-29,ITEM_04,46.0,Card,COMPLETED
2025-09-29,ITEM_05,60.0,Cash,COMPLETED
2025-09-29,ITEM_06,6.0,Card,COMPLETED
2025-09-29,ITEM_07,32.0,Card,COMPLETED
2025-09-29,ITEM_08,35.0,Card,COMPLETED
2025-09-30,ITEM_01,88.0,Card,COMPLETED
2025-09-30,ITEM_02,40.0,Cash,COMPLETED
2025-09-30,ITEM_03,27.0,Card,COMPLETED
2025-09-30,ITEM_04,50.0,Cash,COMPLETED
2025-09-30,ITEM_05,51.0,Card,COMPLETED
2025-09-30,ITEM_06,21.0,Cash,COMPLETED
2025-09-30,ITEM_07,21.0,Card,COMPLETED
2025-09-30,ITEM_08,27.0,Card,COMPLETED
2025-10-01,ITEM_01,75.0,Card,COMPLETED
2025-10-01,ITEM_02,53.0,Cash,COMPLETED
2025-10-01,ITEM_03,39.0,Card,COMPLETED
2025-10-01,ITEM_04,47.0,Card,COMPLETED
2025-10-01,ITEM_05,63.0,Cash,COMPLETED
2025-10-01,ITEM_06,8.0,Card,COMPLETED
2025-10-01,ITEM_07,24.0,Cash,COMPLETED
2025-10-01,ITEM_08,30.0,Cash,COMPLETED
2025-10-02,ITEM_01,83.0,Card,COMPLETED
2025-10-02,ITEM_02,40.0,Card,COMPLETED
2025-10-02,ITEM_03,38.0,Card,COMPLETED
2025-10-02,ITEM_04,55.0,Cash,COMPLETED
2025-10-02,ITEM_05,63.0,Card,COMPLETED
2025-10-02,ITEM_06,21.0,Cash,COMPLETED
2025-10-02,ITEM_07,21.0,Cash,COMPLETED
2025-10-02,ITEM_08,34.0,Cash,COMPLETED
2025-10-03,ITEM_01,83.0,Cash,COMPLETED
2025-10-03,ITEM_02,38.0,Card,COMPLETED
2025-10-03,ITEM_03,36.0,Cash,COMPLETED
2025-10-03,ITEM_04,46.0,Card,COMPLETED
2025-10-03,ITEM_05,58.0,Cash,COMPLETED
2025-10-03,ITEM_06,10.0,Cash,COMPLETED
2025-10-03,ITEM_07,17.0,Card,COMPLETED
2025-10-03,ITEM_08,24.0,Card,COMPLETED
2025-10-04,ITEM_01,116.0,Card,COMPLETED
2025-10-04,ITEM_02,49.0,Card,COMPLETED
2025-10-04,ITEM_03,41.0,Card,COMPLETED
2025-10-04,ITEM_04,64.0,Card,COMPLETED
2025-10-04,ITEM_05,85.0,Cash,COMPLETED
2025-10-04,ITEM_06,22.0,Card,COMPLETED
2025-10-04,ITEM_07,25.0,Card,COMPLETED
2025-10-04,ITEM_08,33.0,Cash,COMPLETED
2025-10-05,ITEM_01,104.0,Card,COMPLETED
2025-10-05,ITEM_02,37.0,Card,COMPLETED
2025-10-05,ITEM_03,44.0,Card,COMPLETED
2025-10-05,ITEM_04,63.0,Card,COMPLETED
2025-10-05,ITEM_05,65.0,Card,COMPLETED
2025-10-05,ITEM_06,23.0,Cash,COMPLETED
2025-10-05,ITEM_07,36.0,Cash,COMPLETED
2025-10-05,ITEM_08,34.0,Card,COMPLETED
2025-10-06,ITEM_01,81.0,Cash,COMPLETED
2025-10-06,ITEM_02,35.0,Card,COMPLETED
2025-10-06,ITEM_03,28.0,Cash,COMPLETED
2025-10-06,ITEM_04,49.0,Card,COMPLETED
2025-10-06,ITEM_05,56.0,Card,COMPLETED
2025-10-06,ITEM_06,11.0,Cash,COMPLETED
2025-10-06,ITEM_07,34.0,Card,COMPLETED
2025-10-06,ITEM_08,40.0,Card,COMPLETED
2025-10-07,ITEM_01,82.0,Card,COMPLETED
2025-10-07,ITEM_02,37.0,Card,COMPLETED
2025-10-07,ITEM_03,27.0,Cash,COMPLETED
2025-10-07,ITEM_04,56.0,Card,COMPLETED
2025-10-07,ITEM_05,54.0,Card,COMPLETED
2025-10-07,ITEM_06,14.0,Card,COMPLETED
2025-10-07,ITEM_07,18.0,Cash,COMPLETED
2025-10-07,ITEM_08,24.0,Cash,COMPLETED
2025-10-08,ITEM_01,82.0,Cash,COMPLETED
2025-10-08,ITEM_02,48.0,Card,COMPLETED
2025-10-08,ITEM_03,33.0,Card,COMPLETED
2025-10-08,ITEM_04,46.0,Card,COMPLETED
2025-10-08,ITEM_05,62.0,Cash,COMPLETED
2025-10-08,ITEM_06,15.0,Card,COMPLETED
2025-10-08,ITEM_07,22.0,Card,COMPLETED
2025-10-08,ITEM_08,29.0,Cash,COMPLETED
2025-10-09,ITEM_01,80.0,Cash,COMPLETED
2025-10-09,ITEM_02,45.0,Card,COMPLETED
2025-10-09,ITEM_03,38.0,Card,COMPLETED
2025-10-09,ITEM_04,41.0,Cash,COMPLETED
2025-10-09,ITEM_05,63.0,Card,COMPLETED
2025-10-09,ITEM_06,11.0,Card,COMPLETED
2025-10-09,ITEM_07,29.0,Cash,COMPLETED
2025-10-09,ITEM_08,32.0,Cash,COMPLETED
2025-10-10,ITEM_01,85.0,Card,COMPLETED
2025-10-10,ITEM_02,31.0,Card,COMPLETED
2025-10-10,ITEM_03,33.0,Card,COMPLETED
2025-10-10,ITEM_04,,Card,CORRUPTED
2025-10-10,ITEM_05,65.0,Card,COMPLETED
2025-10-10,ITEM_06,12.0,Card,COMPLETED
2025-10-10,ITEM_07,21.0,Card,COMPLETED
2025-10-10,ITEM_08,22.0,Cash,COMPLETED
2025-10-11,ITEM_01,111.0,Card,COMPLETED
2025-10-11,ITEM_02,48.0,Card,COMPLETED
2025-10-11,ITEM_03,48.0,Card,COMPLETED
2025-10-11,ITEM_04,64.0,Cash,COMPLETED
2025-10-11,ITEM_05,78.0,Card,COMPLETED
2025-10-11,ITEM_06,15.0,Card,COMPLETED
2025-10-11,ITEM_07,38.0,Card,COMPLETED
2025-10-11,ITEM_08,34.0,Cash,COMPLETED
2025-10-12,ITEM_01,117.0,Card,COMPLETED
2025-10-12,ITEM_02,43.0,Card,COMPLETED
2025-10-12,ITEM_03,52.0,Card,COMPLETED
2025-10-12,ITEM_04,71.0,Card,COMPLETED
2025-10-12,ITEM_05,77.0,Card,COMPLETED
2025-10-12,ITEM_06,13.0,Card,COMPLETED
2025-10-12,ITEM_07,23.0,Cash,COMPLETED
2025-10-12,ITEM_08,37.0,Card,COMPLETED
2025-10-13,ITEM_01,98.0,Card,COMPLETED
2025-10-13,ITEM_02,30.0,Card,COMPLETED
2025-10-13,ITEM_03,32.0,Cash,COMPLETED
2025-10-13,ITEM_04,52.0,Card,COMPLETED
2025-10-13,ITEM_05,68.0,Card,COMPLETED
2025-10-13,ITEM_06,22.0,Card,COMPLETED
2025-10-13,ITEM_07,25.0,Card,COMPLETED
2025-10-13,ITEM_08,33.0,Card,COMPLETED
2025-10-14,ITEM_01,95.0,Card,COMPLETED
2025-10-14,ITEM_02,34.0,Card,COMPLETED
2025-10-14,ITEM_03,38.0,Cash,COMPLETED
2025-10-14,ITEM_04,45.0,Card,COMPLETED
2025-10-14,ITEM_05,59.0,Card,COMPLETED
2025-10-14,ITEM_06,13.0,Cash,COMPLETED
2025-10-14,ITEM_07,20.0,Card,COMPLETED
2025-10-14,ITEM_08,,Card,CORRUPTED
2025-10-15,ITEM_01,81.0,Cash,COMPLETED
2025-10-15,ITEM_02,41.0,Card,COMPLETED
2025-10-15,ITEM_03,40.0,Card,COMPLETED
2025-10-15,ITEM_04,51.0,Card,COMPLETED
2025-10-15,ITEM_05,66.0,Card,COMPLETED
2025-10-15,ITEM_06,14.0,Card,COMPLETED
2025-10-15,ITEM_07,21.0,Card,COMPLETED
2025-10-15,ITEM_08,37.0,Card,COMPLETED
2025-10-16,ITEM_01,85.0,Cash,COMPLETED
2025-10-16,ITEM_02,34.0,Card,COMPLETED
2025-10-16,ITEM_03,34.0,Card,COMPLETED
2025-10-16,ITEM_04,50.0,Cash,COMPLETED
2025-10-16,ITEM_05,66.0,Card,COMPLETED
2025-10-16,ITEM_06,18.0,Card,COMPLETED
2025-10-16,ITEM_07,25.0,Card,COMPLETED
2025-10-16,ITEM_08,28.0,Card,COMPLETED
2025-10-17,ITEM_01,86.0,Cash,COMPLETED
2025-10-17,ITEM_02,39.0,Card,COMPLETED
2025-10-17,ITEM_03,33.0,Card,COMPLETED
2025-10-17,ITEM_04,57.0,Card,COMPLETED
2025-10-17,ITEM_05,53.0,Card,COMPLETED
2025-10-17,ITEM_06,8.0,Card,COMPLETED
2025-10-17,ITEM_07,26.0,Cash,COMPLETED
2025-10-17,ITEM_08,3.0,Card,COMPLETED
2025-10-18,ITEM_01,114.0,Cash,COMPLETED
2025-10-18,ITEM_02,61.0,Cash,COMPLETED
2025-10-18,ITEM_03,44.0,Card,COMPLETED
2025-10-18,ITEM_04,67.0,Card,COMPLETED
2025-10-18,ITEM_05,69.0,Cash,COMPLETED
2025-10-18,ITEM_06,15.0,Card,COMPLETED
2025-10-18,ITEM_07,30.0,Cash,COMPLETED
2025-10-18,ITEM_08,41.0,Card,COMPLETED
2025-10-19,ITEM_01,110.0,Cash,COMPLETED
2025-10-19,ITEM_02,54.0,Card,COMPLETED
2025-10-19,ITEM_03,,Card,CORRUPTED
2025-10-19,ITEM_04,72.0,Card,COMPLETED
2025-10-19,ITEM_05,77.0,Card,COMPLETED
2025-10-19,ITEM_06,17.0,Cash,COMPLETED
2025-10-19,ITEM_07,23.0,Cash,COMPLETED
2025-10-19,ITEM_08,44.0,Card,COMPLETED
2025-10-20,ITEM_01,82.0,Cash,COMPLETED
2025-10-20,ITEM_02,43.0,Card,COMPLETED
2025-10-20,ITEM_03,37.0,Card,COMPLETED
2025-10-20,ITEM_04,43.0,Cash,COMPLETED
2025-10-20,ITEM_05,63.0,Card,COMPLETED
2025-10-20,ITEM_06,20.0,Card,COMPLETED
2025-10-20,ITEM_07,21.0,Cash,COMPLETED
2025-10-20,ITEM_08,30.0,Card,COMPLETED
2025-10-21,ITEM_01,76.0,Card,COMPLETED
2025-10-21,ITEM_02,3.0,Cash,COMPLETED
2025-10-21,ITEM_03,44.0,Card,COMPLETED
2025-10-21,ITEM_04,51.0,Card,COMPLETED
2025-10-21,ITEM_05,48.0,Cash,COMPLETED
2025-10-21,ITEM_06,15.0,Card,COMPLETED
2025-10-21,ITEM_07,30.0,Card,COMPLETED
2025-10-21,ITEM_08,34.0,Card,COMPLETED
2025-10-22,ITEM_01,84.0,Card,COMPLETED
2025-10-22,ITEM_02,42.0,Card,COMPLETED
2025-10-22,ITEM_03,32.0,Card,COMPLETED
2025-10-22,ITEM_04,45.0,Card,COMPLETED
2025-10-22,ITEM_05,60.0,Card,COMPLETED
2025-10-22,ITEM_06,11.0,Card,COMPLETED
2025-10-22,ITEM_07,22.0,Card,COMPLETED
2025-10-22,ITEM_08,29.0,Cash,COMPLETED
2025-10-23,ITEM_01,78.0,Cash,COMPLETED
2025-10-23,ITEM_02,40.0,Card,COMPLETED
2025-10-23,ITEM_03,39.0,Cash,COMPLETED
2025-10-23,ITEM_04,43.0,Cash,COMPLETED
2025-10-23,ITEM_05,67.0,Card,COMPLETED
2025-10-23,ITEM_06,21.0,Card,COMPLETED
2025-10-23,ITEM_07,23.0,Card,COMPLETED
2025-10-23,ITEM_08,31.0,Card,COMPLETED
2025-10-24,ITEM_01,84.0,Card,COMPLETED
2025-10-24,ITEM_02,,Card,CORRUPTED
2025-10-24,ITEM_03,36.0,Card,COMPLETED
2025-10-24,ITEM_04,52.0,Card,COMPLETED
2025-10-24,ITEM_05,62.0,Cash,COMPLETED
2025-10-24,ITEM_06,17.0,Card,COMPLETED
2025-10-24,ITEM_07,25.0,Card,COMPLETED
2025-10-24,ITEM_08,33.0,Card,COMPLETED
2025-10-25,ITEM_01,108.0,Card,COMPLETED
2025-10-25,ITEM_02,43.0,Cash,COMPLETED
2025-10-25,ITEM_03,48.0,Cash,COMPLETED
2025-10-25,ITEM_04,59.0,Card,COMPLETED
2025-10-25,ITEM_05,80.0,Card,COMPLETED
2025-10-25,ITEM_06,22.0,Cash,COMPLETED
2025-10-25,ITEM_07,33.0,Card,COMPLETED
2025-10-25,ITEM_08,53.0,Card,COMPLETED
2025-10-26,ITEM_01,111.0,Card,COMPLETED
2025-10-26,ITEM_02,60.0,Cash,COMPLETED
2025-10-26,ITEM_03,57.0,Card,COMPLETED
2025-10-26,ITEM_04,67.0,Cash,COMPLETED
2025-10-26,ITEM_05,83.0,Card,COMPLETED
2025-10-26,ITEM_06,24.0,Card,COMPLETED
2025-10-26,ITEM_07,30.0,Cash,COMPLETED
2025-10-26,ITEM_08,32.0,Card,COMPLETED
2025-10-27,ITEM_01,86.0,Cash,COMPLETED
2025-10-27,ITEM_02,48.0,Card,COMPLETED
2025-10-27,ITEM_03,33.0,Card,COMPLETED
2025-10-27,ITEM_04,54.0,Card,COMPLETED
2025-10-27,ITEM_05,53.0,Card,COMPLETED
2025-10-27,ITEM_06,7.0,Card,COMPLETED
2025-10-27,ITEM_07,26.0,Card,COMPLETED
2025-10-27,ITEM_08,37.0,Card,COMPLETED
2025-10-28,ITEM_01,86.0,Cash,COMPLETED
2025-10-28,ITEM_02,41.0,Card,COMPLETED
2025-10-28,ITEM_03,33.0,Cash,COMPLETED
2025-10-28,ITEM_04,42.0,Card,COMPLETED
2025-10-28,ITEM_05,60.0,Card,COMPLETED
2025-10-28,ITEM_06,17.0,Card,COMPLETED
2025-10-28,ITEM_07,20.0,Card,COMPLETED
2025-10-28,ITEM_08,37.0,Card,COMPLETED
2025-10-29,ITEM_01,88.0,Cash,COMPLETED
2025-10-29,ITEM_02,3.0,Card,COMPLETED
2025-10-29,ITEM_03,29.0,Card,COMPLETED
2025-10-29,ITEM_04,48.0,Card,COMPLETED
2025-10-29,ITEM_05,65.0,Card,COMPLETED
2025-10-29,ITEM_06,25.0,Card,COMPLETED
2025-10-29,ITEM_07,30.0,Card,COMPLETED
2025-10-29,ITEM_08,32.0,Card,COMPLETED
2025-10-30,ITEM_01,90.0,Card,COMPLETED
2025-10-30,ITEM_02,45.0,Card,COMPLETED
2025-10-30,ITEM_03,37.0,Card,COMPLETED
2025-10-30,ITEM_04,56.0,Card,COMPLETED
2025-10-30,ITEM_05,59.0,Card,COMPLETED
2025-10-30,ITEM_06,12.0,Cash,COMPLETED
2025-10-30,ITEM_07,26.0,Card,COMPLETED
2025-10-30,ITEM_08,30.0,Card,COMPLETED
2025-10-31,ITEM_01,84.0,Card,COMPLETED
2025-10-31,ITEM_02,32.0,Cash,COMPLETED
2025-10-31,ITEM_03,28.0,Card,COMPLETED
2025-10-31,ITEM_04,44.0,Card,COMPLETED
2025-10-31,ITEM_05,59.0,Card,COMPLETED
2025-10-31,ITEM_06,10.0,Card,COMPLETED
2025-10-31,ITEM_07,15.0,Cash,COMPLETED
2025-10-31,ITEM_08,28.0,Cash,COMPLETED
2025-11-01,ITEM_01,110.0,Card,COMPLETED
2025-11-01,ITEM_02,44.0,Card,COMPLETED
2025-11-01,ITEM_03,55.0,Card,COMPLETED
2025-11-01,ITEM_04,73.0,Card,COMPLETED
2025-11-01,ITEM_05,74.0,Cash,COMPLETED
2025-11-01,ITEM_06,16.0,Cash,COMPLETED
2025-11-01,ITEM_07,34.0,Card,COMPLETED
2025-11-01,ITEM_08,41.0,Card,COMPLETED
2025-11-02,ITEM_01,113.0,Cash,COMPLETED
2025-11-02,ITEM_02,58.0,Cash,COMPLETED
2025-11-02,ITEM_03,45.0,Card,COMPLETED
2025-11-02,ITEM_04,6.0,Card,COMPLETED
2025-11-02,ITEM_05,75.0,Card,COMPLETED
2025-11-02,ITEM_06,13.0,Card,COMPLETED
2025-11-02,ITEM_07,24.0,Card,COMPLETED
2025-11-02,ITEM_08,37.0,Card,COMPLETED
2025-11-03,ITEM_01,86.0,Card,COMPLETED
2025-11-03,ITEM_02,37.0,Cash,COMPLETED
2025-11-03,ITEM_03,35.0,Cash,COMPLETED
2025-11-03,ITEM_04,51.0,Cash,COMPLETED
2025-11-03,ITEM_05,64.0,Cash,COMPLETED
2025-11-03,ITEM_06,22.0,Card,COMPLETED
2025-11-03,ITEM_07,26.0,Card,COMPLETED
2025-11-03,ITEM_08,24.0,Card,COMPLETED
2025-11-04,ITEM_01,88.0,Card,COMPLETED
2025-11-04,ITEM_02,34.0,Card,COMPLETED
2025-11-04,ITEM_03,25.0,Card,COMPLETED
2025-11-04,ITEM_04,51.0,Card,COMPLETED
2025-11-04,ITEM_05,63.0,Card,COMPLETED
2025-11-04,ITEM_06,16.0,Cash,COMPLETED
2025-11-04,ITEM_07,26.0,Cash,COMPLETED
2025-11-04,ITEM_08,28.0,Cash,COMPLETED
2025-11-05,ITEM_01,82.0,Card,COMPLETED
2025-11-05,ITEM_02,37.0,Card,COMPLETED
2025-11-05,ITEM_03,40.0,Card,COMPLETED
2025-11-05,ITEM_04,47.0,Card,COMPLETED
2025-11-05,ITEM_05,57.0,Card,COMPLETED
2025-11-05,ITEM_06,20.0,Card,COMPLETED
2025-11-05,ITEM_07,19.0,Card,COMPLETED
2025-11-05,ITEM_08,28.0,Card,COMPLETED
2025-11-06,ITEM_01,74.0,Cash,COMPLETED
2025-11-06,ITEM_02,45.0,Card,COMPLETED
2025-11-06,ITEM_03,33.0,Cash,COMPLETED
2025-11-06,ITEM_04,48.0,Card,COMPLETED
2025-11-06,ITEM_05,66.0,Card,COMPLETED
2025-11-06,ITEM_06,22.0,Card,COMPLETED
2025-11-06,ITEM_07,28.0,Card,COMPLETED
2025-11-06,ITEM_08,,Card,CORRUPTED
2025-11-07,ITEM_01,9.0,Card,COMPLETED
2025-11-07,ITEM_02,37.0,Card,COMPLETED
2025-11-07,ITEM_03,37.0,Card,COMPLETED
2025-11-07,ITEM_04,44.0,Card,COMPLETED
2025-11-07,ITEM_05,65.0,Card,COMPLETED
2025-11-07,ITEM_06,23.0,Cash,COMPLETED
2025-11-07,ITEM_07,25.0,Card,COMPLETED
2025-11-07,ITEM_08,27.0,Card,COMPLETED
2025-11-08,ITEM_01,105.0,Cash,COMPLETED
2025-11-08,ITEM_02,56.0,Cash,COMPLETED
2025-11-08,ITEM_03,35.0,Cash,COMPLETED
2025-11-08,ITEM_04,61.0,Card,COMPLETED
2025-11-08,ITEM_05,81.0,Card,COMPLETED
2025-11-08,ITEM_06,23.0,Card,COMPLETED
2025-11-08,ITEM_07,27.0,Card,COMPLETED
2025-11-08,ITEM_08,42.0,Card,COMPLETED
2025-11-09,ITEM_01,117.0,Card,COMPLETED
2025-11-09,ITEM_02,46.0,Card,COMPLETED
2025-11-09,ITEM_03,36.0,Card,COMPLETED
2025-11-09,ITEM_04,61.0,Card,COMPLETED
2025-11-09,ITEM_05,81.0,Card,COMPLETED
2025-11-09,ITEM_06,15.0,Cash,COMPLETED
2025-11-09,ITEM_07,36.0,Card,COMPLETED
2025-11-09,ITEM_08,47.0,Card,COMPLETED
2025-11-10,ITEM_01,90.0,Card,COMPLETED
2025-11-10,ITEM_02,41.0,Card,COMPLETED
2025-11-10,ITEM_03,42.0,Card,COMPLETED
2025-11-10,ITEM_04,38.0,Card,COMPLETED
2025-11-10,ITEM_05,51.0,Cash,COMPLETED
2025-11-10,ITEM_06,20.0,Card,COMPLETED
2025-11-10,ITEM_07,20.0,Card,COMPLETED
2025-11-10,ITEM_08,26.0,Card,COMPLETED
2025-11-11,ITEM_01,81.0,Card,COMPLETED
2025-11-11,ITEM_02,41.0,Card,COMPLETED
2025-11-11,ITEM_03,38.0,Card,COMPLETED
2025-11-11,ITEM_04,63.0,Card,COMPLETED
2025-11-11,ITEM_05,59.0,Card,COMPLETED
2025-11-11,ITEM_06,16.0,Card,COMPLETED
2025-11-11,ITEM_07,26.0,Card,COMPLETED
2025-11-11,ITEM_08,24.0,Card,COMPLETED
2025-11-12,ITEM_01,97.0,Card,COMPLETED
2025-11-12,ITEM_02,36.0,Card,COMPLETED
2025-11-12,ITEM_03,44.0,Card,COMPLETED
2025-11-12,ITEM_04,49.0,Card,COMPLETED
2025-11-12,ITEM_05,58.0,Cash,COMPLETED
2025-11-12,ITEM_06,14.0,Card,COMPLETED
2025-11-12,ITEM_07,24.0,Card,COMPLETED
2025-11-12,ITEM_08,31.0,Cash,COMPLETED
2025-11-13,ITEM_01,76.0,Card,COMPLETED
2025-11-13,ITEM_02,33.0,Cash,COMPLETED
2025-11-13,ITEM_03,26.0,Card,COMPLETED
2025-11-13,ITEM_04,57.0,Card,COMPLETED
2025-11-13,ITEM_05,55.0,Card,COMPLETED
2025-11-13,ITEM_06,15.0,Card,COMPLETED
2025-11-13,ITEM_07,27.0,Cash,COMPLETED
2025-11-13,ITEM_08,37.0,Card,COMPLETED
2025-11-14,ITEM_01,87.0,Card,COMPLETED
2025-11-14,ITEM_02,27.0,Card,COMPLETED
2025-11-14,ITEM_03,34.0,Cash,COMPLETED
2025-11-14,ITEM_04,43.0,Card,COMPLETED
2025-11-14,ITEM_05,59.0,Card,COMPLETED
2025-11-14,ITEM_06,18.0,Card,COMPLETED
2025-11-14,ITEM_07,27.0,Card,COMPLETED
2025-11-14,ITEM_08,32.0,Card,COMPLETED
2025-11-15,ITEM_01,,Card,CORRUPTED
2025-11-15,ITEM_02,4.0,Card,COMPLETED
2025-11-15,ITEM_03,32.0,Card,COMPLETED
2025-11-15,ITEM_04,71.0,Card,COMPLETED
2025-11-15,ITEM_05,76.0,Card,COMPLETED
2025-11-15,ITEM_06,16.0,Cash,COMPLETED
2025-11-15,ITEM_07,32.0,Cash,COMPLETED
2025-11-15,ITEM_08,41.0,Card,COMPLETED
2025-11-16,ITEM_01,108.0,Card,COMPLETED
2025-11-16,ITEM_02,59.0,Card,COMPLETED
2025-11-16,ITEM_03,42.0,Card,COMPLETED
2025-11-16,ITEM_04,69.0,Cash,COMPLETED
2025-11-16,ITEM_05,7.0,Cash,COMPLETED
2025-11-16,ITEM_06,16.0,Card,COMPLETED
2025-11-16,ITEM_07,25.0,Card,COMPLETED
2025-11-16,ITEM_08,33.0,Card,COMPLETED
2025-11-17,ITEM_01,84.0,Card,COMPLETED
2025-11-17,ITEM_02,31.0,Card,COMPLETED
2025-11-17,ITEM_03,30.0,Card,COMPLETED
2025-11-17,ITEM_04,52.0,Card,COMPLETED
2025-11-17,ITEM_05,55.0,Card,COMPLETED
2025-11-17,ITEM_06,21.0,Card,COMPLETED
2025-11-17,ITEM_07,20.0,Card,COMPLETED
2025-11-17,ITEM_08,27.0,Card,COMPLETED
2025-11-18,ITEM_01,88.0,Card,COMPLETED
2025-11-18,ITEM_02,48.0,Card,COMPLETED
2025-11-18,ITEM_03,33.0,Card,COMPLETED
2025-11-18,ITEM_04,48.0,Card,COMPLETED
2025-11-18,ITEM_05,50.0,Cash,COMPLETED
2025-11-18,ITEM_06,9.0,Card,COMPLETED
2025-11-18,ITEM_07,24.0,Card,COMPLETED
2025-11-18,ITEM_08,32.0,Card,COMPLETED
2025-11-19,ITEM_01,87.0,Card,COMPLETED
2025-11-19,ITEM_02,42.0,Card,COMPLETED
2025-11-19,ITEM_03,49.0,Cash,COMPLETED
2025-11-19,ITEM_04,45.0,Card,COMPLETED
2025-11-19,ITEM_05,59.0,Card,COMPLETED
2025-11-19,ITEM_06,1.0,Cash,COMPLETED
2025-11-19,ITEM_07,32.0,Card,COMPLETED
2025-11-19,ITEM_08,36.0,Cash,COMPLETED
2025-11-20,ITEM_01,81.0,Card,COMPLETED
2025-11-20,ITEM_02,28.0,Card,COMPLETED
2025-11-20,ITEM_03,33.0,Card,COMPLETED
2025-11-20,ITEM_04,5.0,Card,COMPLETED
2025-11-20,ITEM_05,53.0,Card,COMPLETED
2025-11-20,ITEM_06,15.0,Card,COMPLETED
2025-11-20,ITEM_07,13.0,Card,COMPLETED
2025-11-20,ITEM_08,40.0,Card,COMPLETED
2025-11-21,ITEM_01,81.0,Cash,COMPLETED
2025-11-21,ITEM_02,53.0,Cash,COMPLETED
2025-11-21,ITEM_03,34.0,Card,COMPLETED
2025-11-21,ITEM_04,49.0,Cash,COMPLETED
2025-11-21,ITEM_05,64.0,Cash,COMPLETED
2025-11-21,ITEM_06,20.0,Card,COMPLETED
2025-11-21,ITEM_07,23.0,Cash,COMPLETED
2025-11-21,ITEM_08,34.0,Cash,COMPLETED
2025-11-22,ITEM_01,109.0,Card,COMPLETED
2025-11-22,ITEM_02,45.0,Card,COMPLETED
2025-11-22,ITEM_03,40.0,Card,COMPLETED
2025-11-22,ITEM_04,69.0,Card,COMPLETED
2025-11-22,ITEM_05,70.0,Card,COMPLETED
2025-11-22,ITEM_06,19.0,Cash,COMPLETED
2025-11-22,ITEM_07,31.0,Cash,COMPLETED
2025-11-22,ITEM_08,32.0,Cash,COMPLETED
2025-11-23,ITEM_01,114.0,Card,COMPLETED
2025-11-23,ITEM_02,54.0,Card,COMPLETED
2025-11-23,ITEM_03,48.0,Cash,COMPLETED
2025-11-23,ITEM_04,69.0,Card,COMPLETED
2025-11-23,ITEM_05,73.0,Card,COMPLETED
2025-11-23,ITEM_06,22.0,Card,COMPLETED
2025-11-23,ITEM_07,33.0,Card,COMPLETED
2025-11-23,ITEM_08,31.0,Cash,COMPLETED
2025-11-24,ITEM_01,93.0,Card,COMPLETED
2025-11-24,ITEM_02,43.0,Card,COMPLETED
2025-11-24,ITEM_03,48.0,Card,COMPLETED
2025-11-24,ITEM_04,50.0,Card,COMPLETED
2025-11-24,ITEM_05,50.0,Card,COMPLETED
2025-11-24,ITEM_06,17.0,Card,COMPLETED
2025-11-24,ITEM_07,31.0,Card,COMPLETED
2025-11-24,ITEM_08,20.0,Card,COMPLETED
2025-11-25,ITEM_01,85.0,Card,COMPLETED
2025-11-25,ITEM_02,35.0,Card,COMPLETED
2025-11-25,ITEM_03,28.0,Card,COMPLETED
2025-11-25,ITEM_04,44.0,Cash,COMPLETED
2025-11-25,ITEM_05,61.0,Card,COMPLETED
2025-11-25,ITEM_06,20.0,Card,COMPLETED
2025-11-25,ITEM_07,25.0,Card,COMPLETED
2025-11-25,ITEM_08,20.0,Card,COMPLETED
2025-11-26,ITEM_01,84.0,Card,COMPLETED
2025-11-26,ITEM_02,46.0,Card,COMPLETED
2025-11-26,ITEM_03,27.0,Card,COMPLETED
2025-11-26,ITEM_04,46.0,Cash,COMPLETED
2025-11-26,ITEM_05,58.0,Card,COMPLETED
2025-11-26,ITEM_06,19.0,Card,COMPLETED
2025-11-26,ITEM_07,23.0,Card,COMPLETED
2025-11-26,ITEM_08,21.0,Cash,COMPLETED
2025-11-27,ITEM_01,86.0,Cash,COMPLETED
2025-11-27,ITEM_02,48.0,Card,COMPLETED
2025-11-27,ITEM_03,3.0,Card,COMPLETED
2025-11-27,ITEM_04,52.0,Cash,COMPLETED
2025-11-27,ITEM_05,55.0,Card,COMPLETED
2025-11-27,ITEM_06,14.0,Card,COMPLETED
2025-11-27,ITEM_07,26.0,Card,COMPLETED
2025-11-27,ITEM_08,31.0,Cash,COMPLETED
2025-11-28,ITEM_01,82.0,Card,COMPLETED
2025-11-28,ITEM_02,42.0,Card,COMPLETED
2025-11-28,ITEM_03,33.0,Card,COMPLETED
2025-11-28,ITEM_04,44.0,Cash,COMPLETED
2025-11-28,ITEM_05,52.0,Card,COMPLETED
2025-11-28,ITEM_06,10.0,Card,COMPLETED
2025-11-28,ITEM_07,18.0,Card,COMPLETED
2025-11-28,ITEM_08,32.0,Card,COMPLETED
2025-11-29,ITEM_01,105.0,Card,COMPLETED
2025-11-29,ITEM_02,43.0,Card,COMPLETED
2025-11-29,ITEM_03,41.0,Card,COMPLETED
2025-11-29,ITEM_04,60.0,Cash,COMPLETED
2025-11-29,ITEM_05,81.0,Card,COMPLETED
2025-11-29,ITEM_06,11.0,Card,COMPLETED
2025-11-29,ITEM_07,41.0,Card,COMPLETED
2025-11-29,ITEM_08,4.0,Cash,COMPLETED
2025-11-30,ITEM_01,113.0,Card,COMPLETED
2025-11-30,ITEM_02,53.0,Card,COMPLETED
2025-11-30,ITEM_03,,Cash,CORRUPTED
2025-11-30,ITEM_04,61.0,Card,COMPLETED
2025-11-30,ITEM_05,84.0,Card,COMPLETED
2025-11-30,ITEM_06,22.0,Card,COMPLETED
2025-11-30,ITEM_07,33.0,Card,COMPLETED
2025-11-30,ITEM_08,34.0,Cash,COMPLETED
2025-12-01,ITEM_01,85.0,Cash,COMPLETED
2025-12-01,ITEM_02,36.0,Card,COMPLETED
2025-12-01,ITEM_03,44.0,Card,COMPLETED
2025-12-01,ITEM_04,48.0,Card,COMPLETED
2025-12-01,ITEM_05,65.0,Card,COMPLETED
2025-12-01,ITEM_06,19.0,Card,COMPLETED
2025-12-01,ITEM_07,23.0,Card,COMPLETED
2025-12-01,ITEM_08,26.0,Cash,COMPLETED
2025-12-02,ITEM_01,84.0,Card,COMPLETED
2025-12-02,ITEM_02,39.0,Card,COMPLETED
2025-12-02,ITEM_03,39.0,Cash,COMPLETED
2025-12-02,ITEM_04,56.0,Card,COMPLETED
2025-12-02,ITEM_05,64.0,Card,COMPLETED
2025-12-02,ITEM_06,29.0,Card,COMPLETED
2025-12-02,ITEM_07,27.0,Card,COMPLETED
2025-12-02,ITEM_08,26.0,Card,COMPLETED
2025-12-03,ITEM_01,,Card,CORRUPTED
2025-12-03,ITEM_02,45.0,Card,COMPLETED
2025-12-03,ITEM_03,31.0,Card,COMPLETED
2025-12-03,ITEM_04,51.0,Card,COMPLETED
2025-12-03,ITEM_05,58.0,Card,COMPLETED
2025-12-03,ITEM_06,20.0,Card,COMPLETED
2025-12-03,ITEM_07,2.0,Card,COMPLETED
2025-12-03,ITEM_08,26.0,Card,COMPLETED
2025-12-04,ITEM_01,90.0,Card,COMPLETED
2025-12-04,ITEM_02,52.0,Card,COMPLETED
2025-12-04,ITEM_03,32.0,Card,COMPLETED
2025-12-04,ITEM_04,49.0,Card,COMPLETED
2025-12-04,ITEM_05,64.0,Card,COMPLETED
2025-12-04,ITEM_06,7.0,Cash,COMPLETED
2025-12-04,ITEM_07,15.0,Card,COMPLETED
2025-12-04,ITEM_08,29.0,Card,COMPLETED
2025-12-05,ITEM_01,88.0,Card,COMPLETED
2025-12-05,ITEM_02,46.0,Card,COMPLETED
2025-12-05,ITEM_03,33.0,Card,COMPLETED
2025-12-05,ITEM_04,51.0,Card,COMPLETED
2025-12-05,ITEM_05,63.0,Card,COMPLETED
2025-12-05,ITEM_06,16.0,Card,COMPLETED
2025-12-05,ITEM_07,2.0,Cash,COMPLETED
2025-12-05,ITEM_08,32.0,Card,COMPLETED
2025-12-06,ITEM_01,11.0,Cash,COMPLETED
2025-12-06,ITEM_02,48.0,Cash,COMPLETED
2025-12-06,ITEM_03,44.0,Card,COMPLETED
2025-12-06,ITEM_04,65.0,Cash,COMPLETED
2025-12-06,ITEM_05,73.0,Card,COMPLETED
2025-12-06,ITEM_06,18.0,Cash,COMPLETED
2025-12-06,ITEM_07,37.0,Cash,COMPLETED
2025-12-06,ITEM_08,44.0,Card,COMPLETED
2025-12-07,ITEM_01,115.0,Card,COMPLETED
2025-12-07,ITEM_02,48.0,Card,COMPLETED
2025-12-07,ITEM_03,43.0,Card,COMPLETED
2025-12-07,ITEM_04,65.0,Card,COMPLETED
2025-12-07,ITEM_05,77.0,Card,COMPLETED
2025-12-07,ITEM_06,25.0,Card,COMPLETED
2025-12-07,ITEM_07,28.0,Cash,COMPLETED
2025-12-07,ITEM_08,38.0,Card,COMPLETED
2025-12-08,ITEM_01,78.0,Card,COMPLETED
2025-12-08,ITEM_02,36.0,Card,COMPLETED
2025-12-08,ITEM_03,29.0,Card,COMPLETED
2025-12-08,ITEM_04,47.0,Card,COMPLETED
2025-12-08,ITEM_05,55.0,Card,COMPLETED
2025-12-08,ITEM_06,-15.0,Card,INVALID_QTY
2025-12-08,ITEM_07,28.0,Card,COMPLETED
2025-12-08,ITEM_08,35.0,Cash,COMPLETED
2025-12-09,ITEM_01,84.0,Card,COMPLETED
2025-12-09,ITEM_02,3.0,Card,COMPLETED
2025-12-09,ITEM_03,27.0,Cash,COMPLETED
2025-12-09,ITEM_04,50.0,Card,COMPLETED
2025-12-09,ITEM_05,66.0,Cash,COMPLETED
2025-12-09,ITEM_06,19.0,Cash,COMPLETED
2025-12-09,ITEM_07,29.0,Card,COMPLETED
2025-12-09,ITEM_08,31.0,Card,COMPLETED
2025-12-10,ITEM_01,83.0,Card,COMPLETED
2025-12-10,ITEM_02,31.0,Card,COMPLETED
2025-12-10,ITEM_03,35.0,Card,COMPLETED
2025-12-10,ITEM_04,52.0,Cash,COMPLETED
2025-12-10,ITEM_05,56.0,Card,COMPLETED
2025-12-10,ITEM_06,14.0,Card,COMPLETED
2025-12-10,ITEM_07,25.0,Card,COMPLETED
2025-12-10,ITEM_08,39.0,Card,COMPLETED
2025-12-11,ITEM_01,88.0,Card,COMPLETED
2025-12-11,ITEM_02,37.0,Card,COMPLETED
2025-12-11,ITEM_03,33.0,Cash,COMPLETED
2025-12-11,ITEM_04,49.0,Cash,COMPLETED
2025-12-11,ITEM_05,60.0,Card,COMPLETED
2025-12-11,ITEM_06,10.0,Card,COMPLETED
2025-12-11,ITEM_07,,Card,CORRUPTED
2025-12-11,ITEM_08,31.0,Cash,COMPLETED
2025-12-12,ITEM_01,80.0,Cash,COMPLETED
2025-12-12,ITEM_02,32.0,Cash,COMPLETED
2025-12-12,ITEM_03,37.0,Card,COMPLETED
2025-12-12,ITEM_04,52.0,Card,COMPLETED
2025-12-12,ITEM_05,60.0,Cash,COMPLETED
2025-12-12,ITEM_06,13.0,Card,COMPLETED
2025-12-12,ITEM_07,32.0,Card,COMPLETED
2025-12-12,ITEM_08,30.0,Card,COMPLETED
2025-12-13,ITEM_01,114.0,Cash,COMPLETED
2025-12-13,ITEM_02,48.0,Card,COMPLETED
2025-12-13,ITEM_03,48.0,Card,COMPLETED
2025-12-13,ITEM_04,63.0,Card,COMPLETED
2025-12-13,ITEM_05,79.0,Card,COMPLETED
2025-12-13,ITEM_06,24.0,Card,COMPLETED
2025-12-13,ITEM_07,16.0,Card,COMPLETED
2025-12-13,ITEM_08,34.0,Card,COMPLETED
2025-12-14,ITEM_01,106.0,Card,COMPLETED
2025-12-14,ITEM_02,49.0,Card,COMPLETED
2025-12-14,ITEM_03,44.0,Cash,COMPLETED
2025-12-14,ITEM_04,57.0,Cash,COMPLETED
2025-12-14,ITEM_05,79.0,Card,COMPLETED
2025-12-14,ITEM_06,18.0,Card,COMPLETED
2025-12-14,ITEM_07,23.0,Card,COMPLETED
2025-12-14,ITEM_08,4.0,Card,COMPLETED
2025-12-15,ITEM_01,80.0,Cash,COMPLETED
2025-12-15,ITEM_02,32.0,Card,COMPLETED
2025-12-15,ITEM_03,36.0,Card,COMPLETED
2025-12-15,ITEM_04,51.0,Card,COMPLETED
2025-12-15,ITEM_05,56.0,Cash,COMPLETED
2025-12-15,ITEM_06,17.0,Card,COMPLETED
2025-12-15,ITEM_07,25.0,Card,COMPLETED
2025-12-15,ITEM_08,27.0,Card,COMPLETED
2025-12-16,ITEM_01,81.0,Card,COMPLETED
2025-12-16,ITEM_02,44.0,Cash,COMPLETED
2025-12-16,ITEM_03,38.0,Card,COMPLETED
2025-12-16,ITEM_04,49.0,Card,COMPLETED
2025-12-16,ITEM_05,66.0,Cash,COMPLETED
2025-12-16,ITEM_06,11.0,Card,COMPLETED
2025-12-16,ITEM_07,22.0,Card,COMPLETED
2025-12-16,ITEM_08,36.0,Cash,COMPLETED
2025-12-17,ITEM_01,89.0,Card,COMPLETED
2025-12-17,ITEM_02,44.0,Card,COMPLETED
2025-12-17,ITEM_03,45.0,Card,COMPLETED
2025-12-17,ITEM_04,54.0,Card,COMPLETED
2025-12-17,ITEM_05,53.0,Cash,COMPLETED
2025-12-17,ITEM_06,21.0,Cash,COMPLETED
2025-12-17,ITEM_07,24.0,Cash,COMPLETED
2025-12-17,ITEM_08,35.0,Card,COMPLETED
2025-12-18,ITEM_01,90.0,Card,COMPLETED
2025-12-18,ITEM_02,36.0,Card,COMPLETED
2025-12-18,ITEM_03,36.0,Card,COMPLETED
2025-12-18,ITEM_04,49.0,Card,COMPLETED
2025-12-18,ITEM_05,59.0,Card,COMPLETED
2025-12-18,ITEM_06,17.0,Card,COMPLETED
2025-12-18,ITEM_07,16.0,Card,COMPLETED
2025-12-18,ITEM_08,28.0,Cash,COMPLETED
2025-12-19,ITEM_01,85.0,Cash,COMPLETED
2025-12-19,ITEM_02,37.0,Card,COMPLETED
2025-12-19,ITEM_03,41.0,Card,COMPLETED
2025-12-19,ITEM_04,50.0,Cash,COMPLETED
2025-12-19,ITEM_05,70.0,Card,COMPLETED
2025-12-19,ITEM_06,11.0,Cash,COMPLETED
2025-12-19,ITEM_07,27.0,Cash,COMPLETED
2025-12-19,ITEM_08,34.0,Card,COMPLETED
2025-12-20,ITEM_01,108.0,Card,COMPLETED
2025-12-20,ITEM_02,57.0,Card,COMPLETED
2025-12-20,ITEM_03,41.0,Card,COMPLETED
2025-12-20,ITEM_04,69.0,Card,COMPLETED
2025-12-20,ITEM_05,78.0,Card,COMPLETED
2025-12-20,ITEM_06,1.0,Cash,COMPLETED
2025-12-20,ITEM_07,25.0,Card,COMPLETED
2025-12-20,ITEM_08,47.0,Card,COMPLETED
2025-12-21,ITEM_01,114.0,Cash,COMPLETED
2025-12-21,ITEM_02,57.0,Card,COMPLETED
2025-12-21,ITEM_03,48.0,Card,COMPLETED
2025-12-21,ITEM_04,64.0,Card,COMPLETED
2025-12-21,ITEM_05,74.0,Card,COMPLETED
2025-12-21,ITEM_06,22.0,Cash,COMPLETED
2025-12-21,ITEM_07,34.0,Card,COMPLETED
2025-12-21,ITEM_08,41.0,Card,COMPLETED
2025-12-22,ITEM_01,83.0,Card,COMPLETED
2025-12-22,ITEM_02,40.0,Card,COMPLETED
2025-12-22,ITEM_03,36.0,Card,COMPLETED
2025-12-22,ITEM_04,50.0,Cash,COMPLETED
2025-12-22,ITEM_05,62.0,Card,COMPLETED
2025-12-22,ITEM_06,6.0,Card,COMPLETED
2025-12-22,ITEM_07,31.0,Card,COMPLETED
2025-12-22,ITEM_08,26.0,Cash,COMPLETED
2025-12-23,ITEM_01,85.0,Card,COMPLETED
2025-12-23,ITEM_02,45.0,Card,COMPLETED
2025-12-23,ITEM_03,34.0,Card,COMPLETED
2025-12-23,ITEM_04,54.0,Card,COMPLETED
2025-12-23,ITEM_05,60.0,Card,COMPLETED
2025-12-23,ITEM_06,12.0,Card,COMPLETED
2025-12-23,ITEM_07,22.0,Cash,COMPLETED
2025-12-23,ITEM_08,38.0,Card,COMPLETED
2025-12-24,ITEM_01,82.0,Card,COMPLETED
2025-12-24,ITEM_02,41.0,Card,COMPLETED
2025-12-24,ITEM_03,37.0,Card,COMPLETED
2025-12-24,ITEM_04,58.0,Cash,COMPLETED
2025-12-24,ITEM_05,61.0,Card,COMPLETED
2025-12-24,ITEM_06,21.0,Cash,COMPLETED
2025-12-24,ITEM_07,12.0,Card,COMPLETED
2025-12-24,ITEM_08,33.0,Card,COMPLETED
2025-12-25,ITEM_01,-77.0,Card,INVALID_QTY
2025-12-25,ITEM_02,35.0,Cash,COMPLETED
2025-12-25,ITEM_03,20.0,Card,COMPLETED
2025-12-25,ITEM_04,49.0,Card,COMPLETED
2025-12-25,ITEM_05,-65.0,Card,INVALID_QTY
2025-12-25,ITEM_06,15.0,Card,COMPLETED
2025-12-25,ITEM_07,19.0,Cash,COMPLETED
2025-12-25,ITEM_08,29.0,Card,COMPLETED
2025-12-26,ITEM_01,9.0,Card,COMPLETED
2025-12-26,ITEM_02,39.0,Card,COMPLETED
2025-12-26,ITEM_03,36.0,Card,COMPLETED
2025-12-26,ITEM_04,54.0,Card,COMPLETED
2025-12-26,ITEM_05,60.0,Card,COMPLETED
2025-12-26,ITEM_06,20.0,Card,COMPLETED
2025-12-26,ITEM_07,25.0,Card,COMPLETED
2025-12-26,ITEM_08,25.0,Card,COMPLETED
2025-12-27,ITEM_01,111.0,Cash,COMPLETED
2025-12-27,ITEM_02,55.0,Card,COMPLETED
2025-12-27,ITEM_03,44.0,Card,COMPLETED
2025-12-27,ITEM_04,67.0,Card,COMPLETED
2025-12-27,ITEM_05,83.0,Card,COMPLETED
2025-12-27,ITEM_06,1.0,Card,COMPLETED
2025-12-27,ITEM_07,29.0,Card,COMPLETED
2025-12-27,ITEM_08,42.0,Card,COMPLETED
2025-12-28,ITEM_01,103.0,Card,COMPLETED
2025-12-28,ITEM_02,51.0,Card,COMPLETED
2025-12-28,ITEM_03,56.0,Card,COMPLETED
2025-12-28,ITEM_04,63.0,Cash,COMPLETED
2025-12-28,ITEM_05,71.0,Cash,COMPLETED
2025-12-28,ITEM_06,15.0,Cash,COMPLETED
2025-12-28,ITEM_07,33.0,Card,COMPLETED
2025-12-28,ITEM_08,40.0,Card,COMPLETED
2025-12-29,ITEM_01,81.0,Card,COMPLETED
2025-12-29,ITEM_02,39.0,Card,COMPLETED
2025-12-29,ITEM_03,36.0,Card,COMPLETED
2025-12-29,ITEM_04,48.0,Card,COMPLETED
2025-12-29,ITEM_05,60.0,Card,COMPLETED
2025-12-29,ITEM_06,11.0,Card,COMPLETED
2025-12-29,ITEM_07,30.0,Card,COMPLETED
2025-12-29,ITEM_08,29.0,Card,COMPLETED
2025-12-30,ITEM_01,88.0,Card,COMPLETED
2025-12-30,ITEM_02,34.0,Card,COMPLETED
2025-12-30,ITEM_03,42.0,Card,COMPLETED
2025-12-30,ITEM_04,53.0,Card,COMPLETED
2025-12-30,ITEM_05,,Card,CORRUPTED
2025-12-30,ITEM_06,22.0,Cash,COMPLETED
2025-12-30,ITEM_07,25.0,Card,COMPLETED
2025-12-30,ITEM_08,43.0,Cash,COMPLETED
2025-12-31,ITEM_01,83.0,Card,COMPLETED
2025-12-31,ITEM_02,30.0,Card,COMPLETED
2025-12-31,ITEM_03,28.0,Cash,COMPLETED
2025-12-31,ITEM_04,46.0,Cash,COMPLETED
2025-12-31,ITEM_05,60.0,Card,COMPLETED
2025-12-31,ITEM_06,20.0,Card,COMPLETED
2025-12-31,ITEM_07,26.0,Card,COMPLETED
2025-12-31,ITEM_08,,Cash,CORRUPTED
2026-01-01,ITEM_01,87.0,Card,COMPLETED
2026-01-01,ITEM_02,38.0,Cash,COMPLETED
2026-01-01,ITEM_03,39.0,Card,COMPLETED
2026-01-01,ITEM_04,50.0,Card,COMPLETED
2026-01-01,ITEM_05,59.0,Card,COMPLETED
2026-01-01,ITEM_06,8.0,Card,COMPLETED
2026-01-01,ITEM_07,35.0,Cash,COMPLETED
2026-01-01,ITEM_08,24.0,Card,COMPLETED
2026-01-02,ITEM_01,76.0,Card,COMPLETED
2026-01-02,ITEM_02,38.0,Cash,COMPLETED
2026-01-02,ITEM_03,41.0,Cash,COMPLETED
2026-01-02,ITEM_04,47.0,Card,COMPLETED
2026-01-02,ITEM_05,54.0,Cash,COMPLETED
2026-01-02,ITEM_06,15.0,Card,COMPLETED
2026-01-02,ITEM_07,31.0,Card,COMPLETED
2026-01-02,ITEM_08,27.0,Card,COMPLETED
2026-01-03,ITEM_01,109.0,Card,COMPLETED
2026-01-03,ITEM_02,55.0,Card,COMPLETED
2026-01-03,ITEM_03,45.0,Card,COMPLETED
2026-01-03,ITEM_04,59.0,Cash,COMPLETED
2026-01-03,ITEM_05,75.0,Card,COMPLETED
2026-01-03,ITEM_06,28.0,Card,COMPLETED
2026-01-03,ITEM_07,33.0,Card,COMPLETED
2026-01-03,ITEM_08,40.0,Card,COMPLETED
2026-01-04,ITEM_01,104.0,Card,COMPLETED
2026-01-04,ITEM_02,54.0,Card,COMPLETED
2026-01-04,ITEM_03,40.0,Card,COMPLETED
2026-01-04,ITEM_04,66.0,Cash,COMPLETED
2026-01-04,ITEM_05,68.0,Card,COMPLETED
2026-01-04,ITEM_06,20.0,Card,COMPLETED
2026-01-04,ITEM_07,30.0,Card,COMPLETED
2026-01-04,ITEM_08,39.0,Cash,COMPLETED
2026-01-05,ITEM_01,89.0,Card,COMPLETED
2026-01-05,ITEM_02,33.0,Card,COMPLETED
2026-01-05,ITEM_03,50.0,Card,COMPLETED
2026-01-05,ITEM_04,48.0,Card,COMPLETED
2026-01-05,ITEM_05,65.0,Card,COMPLETED
2026-01-05,ITEM_06,22.0,Card,COMPLETED
2026-01-05,ITEM_07,34.0,Card,COMPLETED
2026-01-05,ITEM_08,32.0,Card,COMPLETED
2026-01-06,ITEM_01,86.0,Card,COMPLETED
2026-01-06,ITEM_02,43.0,Card,COMPLETED
2026-01-06,ITEM_03,26.0,Cash,COMPLETED
2026-01-06,ITEM_04,48.0,Card,COMPLETED
2026-01-06,ITEM_05,56.0,Card,COMPLETED
2026-01-06,ITEM_06,13.0,Card,COMPLETED
2026-01-06,ITEM_07,26.0,Card,COMPLETED
2026-01-06,ITEM_08,25.0,Card,COMPLETED
2026-01-07,ITEM_01,77.0,Card,COMPLETED
2026-01-07,ITEM_02,48.0,Card,COMPLETED
2026-01-07,ITEM_03,22.0,Card,COMPLETED
2026-01-07,ITEM_04,51.0,Card,COMPLETED
2026-01-07,ITEM_05,68.0,Card,COMPLETED
2026-01-07,ITEM_06,10.0,Card,COMPLETED
2026-01-07,ITEM_07,23.0,Card,COMPLETED
2026-01-07,ITEM_08,32.0,Card,COMPLETED
2026-01-08,ITEM_01,90.0,Card,COMPLETED
2026-01-08,ITEM_02,42.0,Card,COMPLETED
2026-01-08,ITEM_03,28.0,Card,COMPLETED
2026-01-08,ITEM_04,53.0,Card,COMPLETED
2026-01-08,ITEM_05,60.0,Cash,COMPLETED
2026-01-08,ITEM_06,11.0,Card,COMPLETED
2026-01-08,ITEM_07,18.0,Card,COMPLETED
2026-01-08,ITEM_08,28.0,Card,COMPLETED
2026-01-09,ITEM_01,84.0,Card,COMPLETED
2026-01-09,ITEM_02,38.0,Card,COMPLETED
2026-01-09,ITEM_03,44.0,Card,COMPLETED
2026-01-09,ITEM_04,51.0,Cash,COMPLETED
2026-01-09,ITEM_05,53.0,Card,COMPLETED
2026-01-09,ITEM_06,11.0,Cash,COMPLETED
2026-01-09,ITEM_07,24.0,Card,COMPLETED
2026-01-09,ITEM_08,36.0,Cash,COMPLETED
2026-01-10,ITEM_01,117.0,Card,COMPLETED
2026-01-10,ITEM_02,46.0,Card,COMPLETED
2026-01-10,ITEM_03,50.0,Cash,COMPLETED
2026-01-10,ITEM_04,65.0,Card,COMPLETED
2026-01-10,ITEM_05,84.0,Cash,COMPLETED
2026-01-10,ITEM_06,20.0,Card,COMPLETED
2026-01-10,ITEM_07,31.0,Cash,COMPLETED
2026-01-10,ITEM_08,44.0,Card,COMPLETED
2026-01-11,ITEM_01,110.0,Card,COMPLETED
2026-01-11,ITEM_02,60.0,Card,COMPLETED
2026-01-11,ITEM_03,54.0,Cash,COMPLETED
2026-01-11,ITEM_04,67.0,Card,COMPLETED
2026-01-11,ITEM_05,74.0,Card,COMPLETED
2026-01-11,ITEM_06,21.0,Card,COMPLETED
2026-01-11,ITEM_07,30.0,Cash,COMPLETED
2026-01-11,ITEM_08,48.0,Card,COMPLETED
2026-01-12,ITEM_01,86.0,Cash,COMPLETED
2026-01-12,ITEM_02,38.0,Cash,COMPLETED
2026-01-12,ITEM_03,35.0,Card,COMPLETED
2026-01-12,ITEM_04,52.0,Cash,COMPLETED
2026-01-12,ITEM_05,57.0,Cash,COMPLETED
2026-01-12,ITEM_06,18.0,Card,COMPLETED
2026-01-12,ITEM_07,35.0,Card,COMPLETED
2026-01-12,ITEM_08,30.0,Cash,COMPLETED
2026-01-13,ITEM_01,94.0,Card,COMPLETED
2026-01-13,ITEM_02,37.0,Card,COMPLETED
2026-01-13,ITEM_03,42.0,Card,COMPLETED
2026-01-13,ITEM_04,56.0,Card,COMPLETED
2026-01-13,ITEM_05,60.0,Card,COMPLETED
2026-01-13,ITEM_06,12.0,Card,COMPLETED
2026-01-13,ITEM_07,26.0,Card,COMPLETED
2026-01-13,ITEM_08,25.0,Card,COMPLETED
2026-01-14,ITEM_01,75.0,Card,COMPLETED
2026-01-14,ITEM_02,47.0,Cash,COMPLETED
2026-01-14,ITEM_03,32.0,Card,COMPLETED
2026-01-14,ITEM_04,43.0,Card,COMPLETED
2026-01-14,ITEM_05,57.0,Card,COMPLETED
2026-01-14,ITEM_06,18.0,Card,COMPLETED
2026-01-14,ITEM_07,29.0,Card,COMPLETED
2026-01-14,ITEM_08,27.0,Card,COMPLETED
2026-01-15,ITEM_01,79.0,Card,COMPLETED
2026-01-15,ITEM_02,34.0,Card,COMPLETED
2026-01-15,ITEM_03,33.0,Cash,COMPLETED
2026-01-15,ITEM_04,45.0,Card,COMPLETED
2026-01-15,ITEM_05,53.0,Card,COMPLETED
2026-01-15,ITEM_06,21.0,Card,COMPLETED
2026-01-15,ITEM_07,29.0,Cash,COMPLETED
2026-01-15,ITEM_08,38.0,Card,COMPLETED
2026-01-16,ITEM_01,89.0,Card,COMPLETED
2026-01-16,ITEM_02,36.0,Cash,COMPLETED
2026-01-16,ITEM_03,36.0,Card,COMPLETED
2026-01-16,ITEM_04,53.0,Card,COMPLETED
2026-01-16,ITEM_05,61.0,Card,COMPLETED
2026-01-16,ITEM_06,11.0,Cash,COMPLETED
2026-01-16,ITEM_07,19.0,Card,COMPLETED
2026-01-16,ITEM_08,41.0,Cash,COMPLETED
2026-01-17,ITEM_01,111.0,Card,COMPLETED
2026-01-17,ITEM_02,58.0,Cash,COMPLETED
2026-01-17,ITEM_03,46.0,Cash,COMPLETED
2026-01-17,ITEM_04,68.0,Cash,COMPLETED
2026-01-17,ITEM_05,81.0,Card,COMPLETED
2026-01-17,ITEM_06,16.0,Card,COMPLETED
2026-01-17,ITEM_07,38.0,Card,COMPLETED
2026-01-17,ITEM_08,35.0,Card,COMPLETED
2026-01-18,ITEM_01,108.0,Cash,COMPLETED
2026-01-18,ITEM_02,47.0,Cash,COMPLETED
2026-01-18,ITEM_03,41.0,Cash,COMPLETED
2026-01-18,ITEM_04,66.0,Cash,COMPLETED
2026-01-18,ITEM_05,76.0,Cash,COMPLETED
2026-01-18,ITEM_06,16.0,Card,COMPLETED
2026-01-18,ITEM_07,32.0,Card,COMPLETED
2026-01-18,ITEM_08,36.0,Card,COMPLETED
2026-01-19,ITEM_01,90.0,Card,COMPLETED
2026-01-19,ITEM_02,39.0,Cash,COMPLETED
2026-01-19,ITEM_03,42.0,Card,COMPLETED
2026-01-19,ITEM_04,56.0,Card,COMPLETED
2026-01-19,ITEM_05,52.0,Card,COMPLETED
2026-01-19,ITEM_06,15.0,Card,COMPLETED
2026-01-19,ITEM_07,33.0,Card,COMPLETED
2026-01-19,ITEM_08,33.0,Card,COMPLETED
2026-01-20,ITEM_01,86.0,Card,COMPLETED
2026-01-20,ITEM_02,42.0,Card,COMPLETED
2026-01-20,ITEM_03,24.0,Card,COMPLETED
2026-01-20,ITEM_04,51.0,Card,COMPLETED
2026-01-20,ITEM_05,59.0,Cash,COMPLETED
2026-01-20,ITEM_06,12.0,Card,COMPLETED
2026-01-20,ITEM_07,29.0,Card,COMPLETED
2026-01-20,ITEM_08,29.0,Card,COMPLETED
2026-01-21,ITEM_01,86.0,Card,COMPLETED
2026-01-21,ITEM_02,34.0,Cash,COMPLETED
2026-01-21,ITEM_03,38.0,Card,COMPLETED
2026-01-21,ITEM_04,51.0,Cash,COMPLETED
2026-01-21,ITEM_05,51.0,Card,COMPLETED
2026-01-21,ITEM_06,15.0,Card,COMPLETED
2026-01-21,ITEM_07,22.0,Card,COMPLETED
2026-01-21,ITEM_08,24.0,Cash,COMPLETED
2026-01-22,ITEM_01,75.0,Card,COMPLETED
2026-01-22,ITEM_02,46.0,Card,COMPLETED
2026-01-22,ITEM_03,37.0,Cash,COMPLETED
2026-01-22,ITEM_04,49.0,Cash,COMPLETED
2026-01-22,ITEM_05,64.0,Cash,COMPLETED
2026-01-22,ITEM_06,21.0,Card,COMPLETED
2026-01-22,ITEM_07,18.0,Card,COMPLETED
2026-01-22,ITEM_08,30.0,Card,COMPLETED
2026-01-23,ITEM_01,81.0,Card,COMPLETED
2026-01-23,ITEM_02,42.0,Card,COMPLETED
2026-01-23,ITEM_03,3.0,Card,COMPLETED
2026-01-23,ITEM_04,49.0,Card,COMPLETED
2026-01-23,ITEM_05,46.0,Card,COMPLETED
2026-01-23,ITEM_06,14.0,Card,COMPLETED
2026-01-23,ITEM_07,20.0,Cash,COMPLETED
2026-01-23,ITEM_08,25.0,Card,COMPLETED
2026-01-24,ITEM_01,112.0,Card,COMPLETED
2026-01-24,ITEM_02,52.0,Cash,COMPLETED
2026-01-24,ITEM_03,40.0,Card,COMPLETED
2026-01-24,ITEM_04,64.0,Cash,COMPLETED
2026-01-24,ITEM_05,75.0,Card,COMPLETED
2026-01-24,ITEM_06,23.0,Card,COMPLETED
2026-01-24,ITEM_07,31.0,Cash,COMPLETED
2026-01-24,ITEM_08,44.0,Card,COMPLETED
2026-01-25,ITEM_01,106.0,Card,COMPLETED
2026-01-25,ITEM_02,53.0,Card,COMPLETED
2026-01-25,ITEM_03,49.0,Cash,COMPLETED
2026-01-25,ITEM_04,71.0,Card,COMPLETED
2026-01-25,ITEM_05,78.0,Card,COMPLETED
2026-01-25,ITEM_06,20.0,Card,COMPLETED
2026-01-25,ITEM_07,27.0,Cash,COMPLETED
2026-01-25,ITEM_08,35.0,Cash,COMPLETED
2026-01-26,ITEM_01,82.0,Card,COMPLETED
2026-01-26,ITEM_02,35.0,Cash,COMPLETED
2026-01-26,ITEM_03,43.0,Card,COMPLETED
2026-01-26,ITEM_04,-55.0,Card,INVALID_QTY
2026-01-26,ITEM_05,59.0,Card,COMPLETED
2026-01-26,ITEM_06,1.0,Card,COMPLETED
2026-01-26,ITEM_07,26.0,Card,COMPLETED
2026-01-26,ITEM_08,30.0,Card,COMPLETED
2026-01-27,ITEM_01,78.0,Card,COMPLETED
2026-01-27,ITEM_02,32.0,Card,COMPLETED
2026-01-27,ITEM_03,39.0,Card,COMPLETED
2026-01-27,ITEM_04,49.0,Cash,COMPLETED
2026-01-27,ITEM_05,59.0,Card,COMPLETED
2026-01-27,ITEM_06,15.0,Card,COMPLETED
2026-01-27,ITEM_07,23.0,Card,COMPLETED
2026-01-27,ITEM_08,34.0,Card,COMPLETED
2026-01-28,ITEM_01,79.0,Card,COMPLETED
2026-01-28,ITEM_02,28.0,Card,COMPLETED
2026-01-28,ITEM_03,37.0,Cash,COMPLETED
2026-01-28,ITEM_04,48.0,Card,COMPLETED
2026-01-28,ITEM_05,54.0,Card,COMPLETED
2026-01-28,ITEM_06,14.0,Card,COMPLETED
2026-01-28,ITEM_07,27.0,Card,COMPLETED
2026-01-28,ITEM_08,32.0,Card,COMPLETED
2026-01-29,ITEM_01,86.0,Cash,COMPLETED
2026-01-29,ITEM_02,31.0,Card,COMPLETED
2026-01-29,ITEM_03,31.0,Cash,COMPLETED
2026-01-29,ITEM_04,56.0,Card,COMPLETED
2026-01-29,ITEM_05,60.0,Card,COMPLETED
2026-01-29,ITEM_06,17.0,Card,COMPLETED
2026-01-29,ITEM_07,32.0,Card,COMPLETED
2026-01-29,ITEM_08,31.0,Card,COMPLETED
2026-01-30,ITEM_01,82.0,Cash,COMPLETED
2026-01-30,ITEM_02,38.0,Card,COMPLETED
2026-01-30,ITEM_03,38.0,Cash,COMPLETED
2026-01-30,ITEM_04,38.0,Card,COMPLETED
2026-01-30,ITEM_05,56.0,Card,COMPLETED
2026-01-30,ITEM_06,20.0,Card,COMPLETED
2026-01-30,ITEM_07,19.0,Cash,COMPLETED
2026-01-30,ITEM_08,29.0,Card,COMPLETED
2026-01-31,ITEM_01,115.0,Card,COMPLETED
2026-01-31,ITEM_02,59.0,Card,COMPLETED
2026-01-31,ITEM_03,,Card,CORRUPTED
2026-01-31,ITEM_04,69.0,Card,COMPLETED
2026-01-31,ITEM_05,81.0,Card,COMPLETED
2026-01-31,ITEM_06,11.0,Card,COMPLETED
2026-01-31,ITEM_07,25.0,Card,COMPLETED
2026-01-31,ITEM_08,37.0,Card,COMPLETED
2026-02-01,ITEM_01,112.0,Card,COMPLETED
2026-02-01,ITEM_02,56.0,Cash,COMPLETED
2026-02-01,ITEM_03,42.0,Card,COMPLETED
2026-02-01,ITEM_04,66.0,Card,COMPLETED
2026-02-01,ITEM_05,74.0,Card,COMPLETED
2026-02-01,ITEM_06,23.0,Cash,COMPLETED
2026-02-01,ITEM_07,29.0,Cash,COMPLETED
2026-02-01,ITEM_08,33.0,Card,COMPLETED
2026-02-02,ITEM_01,90.0,Card,COMPLETED
2026-02-02,ITEM_02,46.0,Card,COMPLETED
2026-02-02,ITEM_03,38.0,Card,COMPLETED
2026-02-02,ITEM_04,59.0,Card,COMPLETED
2026-02-02,ITEM_05,61.0,Cash,COMPLETED
2026-02-02,ITEM_06,12.0,Card,COMPLETED
2026-02-02,ITEM_07,31.0,Card,COMPLETED
2026-02-02,ITEM_08,30.0,Card,COMPLETED
2026-02-03,ITEM_01,91.0,Card,COMPLETED
2026-02-03,ITEM_02,30.0,Card,COMPLETED
2026-02-03,ITEM_03,35.0,Card,COMPLETED
2026-02-03,ITEM_04,56.0,Card,COMPLETED
2026-02-03,ITEM_05,60.0,Card,COMPLETED
2026-02-03,ITEM_06,6.0,Cash,COMPLETED
2026-02-03,ITEM_07,30.0,Card,COMPLETED
2026-02-03,ITEM_08,26.0,Card,COMPLETED
2026-02-04,ITEM_01,84.0,Card,COMPLETED
2026-02-04,ITEM_02,43.0,Card,COMPLETED
2026-02-04,ITEM_03,25.0,Card,COMPLETED
2026-02-04,ITEM_04,47.0,Card,COMPLETED
2026-02-04,ITEM_05,64.0,Card,COMPLETED
2026-02-04,ITEM_06,11.0,Card,COMPLETED
2026-02-04,ITEM_07,30.0,Card,COMPLETED
2026-02-04,ITEM_08,18.0,Card,COMPLETED
2026-02-05,ITEM_01,87.0,Cash,COMPLETED
2026-02-05,ITEM_02,39.0,Card,COMPLETED
2026-02-05,ITEM_03,30.0,Card,COMPLETED
2026-02-05,ITEM_04,46.0,Card,COMPLETED
2026-02-05,ITEM_05,62.0,Card,COMPLETED
2026-02-05,ITEM_06,17.0,Cash,COMPLETED
2026-02-05,ITEM_07,29.0,Cash,COMPLETED
2026-02-05,ITEM_08,30.0,Card,COMPLETED
2026-02-06,ITEM_01,79.0,Cash,COMPLETED
2026-02-06,ITEM_02,39.0,Card,COMPLETED
2026-02-06,ITEM_03,34.0,Card,COMPLETED
2026-02-06,ITEM_04,54.0,Card,COMPLETED
2026-02-06,ITEM_05,57.0,Card,COMPLETED
2026-02-06,ITEM_06,16.0,Card,COMPLETED
2026-02-06,ITEM_07,19.0,Card,COMPLETED
2026-02-06,ITEM_08,37.0,Card,COMPLETED
2026-02-07,ITEM_01,114.0,Cash,COMPLETED
2026-02-07,ITEM_02,59.0,Card,COMPLETED
2026-02-07,ITEM_03,51.0,Card,COMPLETED
2026-02-07,ITEM_04,64.0,Card,COMPLETED
2026-02-07,ITEM_05,82.0,Card,COMPLETED
2026-02-07,ITEM_06,9.0,Card,COMPLETED
2026-02-07,ITEM_07,37.0,Card,COMPLETED
2026-02-07,ITEM_08,36.0,Card,COMPLETED
2026-02-08,ITEM_01,11.0,Card,COMPLETED
2026-02-08,ITEM_02,55.0,Cash,COMPLETED
2026-02-08,ITEM_03,43.0,Cash,COMPLETED
2026-02-08,ITEM_04,66.0,Card,COMPLETED
2026-02-08,ITEM_05,82.0,Card,COMPLETED
2026-02-08,ITEM_06,14.0,Card,COMPLETED
2026-02-08,ITEM_07,35.0,Cash,COMPLETED
2026-02-08,ITEM_08,39.0,Card,COMPLETED
2026-02-09,ITEM_01,87.0,Card,COMPLETED
2026-02-09,ITEM_02,31.0,Card,COMPLETED
2026-02-09,ITEM_03,34.0,Card,COMPLETED
2026-02-09,ITEM_04,45.0,Card,COMPLETED
2026-02-09,ITEM_05,66.0,Cash,COMPLETED
2026-02-09,ITEM_06,13.0,Card,COMPLETED
2026-02-09,ITEM_07,21.0,Card,COMPLETED
2026-02-09,ITEM_08,23.0,Card,COMPLETED
2026-02-10,ITEM_01,86.0,Card,COMPLETED
2026-02-10,ITEM_02,44.0,Card,COMPLETED
2026-02-10,ITEM_03,33.0,Cash,COMPLETED
2026-02-10,ITEM_04,51.0,Card,COMPLETED
2026-02-10,ITEM_05,58.0,Card,COMPLETED
2026-02-10,ITEM_06,11.0,Card,COMPLETED
2026-02-10,ITEM_07,26.0,Cash,COMPLETED
2026-02-10,ITEM_08,38.0,Card,COMPLETED
2026-02-11,ITEM_01,79.0,Card,COMPLETED
2026-02-11,ITEM_02,42.0,Cash,COMPLETED
2026-02-11,ITEM_03,40.0,Card,COMPLETED
2026-02-11,ITEM_04,47.0,Card,COMPLETED
2026-02-11,ITEM_05,63.0,Card,COMPLETED
2026-02-11,ITEM_06,14.0,Card,COMPLETED
2026-02-11,ITEM_07,13.0,Card,COMPLETED
2026-02-11,ITEM_08,33.0,Card,COMPLETED
2026-02-12,ITEM_01,86.0,Card,COMPLETED
2026-02-12,ITEM_02,31.0,Cash,COMPLETED
2026-02-12,ITEM_03,27.0,Card,COMPLETED
2026-02-12,ITEM_04,46.0,Card,COMPLETED
2026-02-12,ITEM_05,63.0,Card,COMPLETED
2026-02-12,ITEM_06,1.0,Card,COMPLETED
2026-02-12,ITEM_07,24.0,Card,COMPLETED
2026-02-12,ITEM_08,26.0,Card,COMPLETED
2026-02-13,ITEM_01,80.0,Cash,COMPLETED
2026-02-13,ITEM_02,36.0,Card,COMPLETED
2026-02-13,ITEM_03,40.0,Card,COMPLETED
2026-02-13,ITEM_04,53.0,Card,COMPLETED
2026-02-13,ITEM_05,61.0,Card,COMPLETED
2026-02-13,ITEM_06,21.0,Card,COMPLETED
2026-02-13,ITEM_07,20.0,Card,COMPLETED
2026-02-13,ITEM_08,37.0,Card,COMPLETED
2026-02-14,ITEM_01,111.0,Card,COMPLETED
2026-02-14,ITEM_02,58.0,Cash,COMPLETED
2026-02-14,ITEM_03,46.0,Cash,COMPLETED
2026-02-14,ITEM_04,-73.0,Card,INVALID_QTY
2026-02-14,ITEM_05,75.0,Card,COMPLETED
2026-02-14,ITEM_06,22.0,Card,COMPLETED
2026-02-14,ITEM_07,30.0,Card,COMPLETED
2026-02-14,ITEM_08,41.0,Cash,COMPLETED
2026-02-15,ITEM_01,104.0,Card,COMPLETED
2026-02-15,ITEM_02,56.0,Card,COMPLETED
2026-02-15,ITEM_03,47.0,Cash,COMPLETED
2026-02-15,ITEM_04,58.0,Cash,COMPLETED
2026-02-15,ITEM_05,7.0,Card,COMPLETED
2026-02-15,ITEM_06,26.0,Card,COMPLETED
2026-02-15,ITEM_07,30.0,Card,COMPLETED
2026-02-15,ITEM_08,39.0,Card,COMPLETED
2026-02-16,ITEM_01,88.0,Cash,COMPLETED
2026-02-16,ITEM_02,49.0,Card,COMPLETED
2026-02-16,ITEM_03,41.0,Card,COMPLETED
2026-02-16,ITEM_04,53.0,Card,COMPLETED
2026-02-16,ITEM_05,58.0,Card,COMPLETED
2026-02-16,ITEM_06,17.0,Cash,COMPLETED
2026-02-16,ITEM_07,24.0,Card,COMPLETED
2026-02-16,ITEM_08,35.0,Card,COMPLETED
2026-02-17,ITEM_01,82.0,Card,COMPLETED
2026-02-17,ITEM_02,35.0,Card,COMPLETED
2026-02-17,ITEM_03,38.0,Cash,COMPLETED
2026-02-17,ITEM_04,51.0,Card,COMPLETED
2026-02-17,ITEM_05,64.0,Card,COMPLETED
2026-02-17,ITEM_06,17.0,Cash,COMPLETED
2026-02-17,ITEM_07,20.0,Cash,COMPLETED
2026-02-17,ITEM_08,40.0,Card,COMPLETED
2026-02-18,ITEM_01,83.0,Card,COMPLETED
2026-02-18,ITEM_02,38.0,Card,COMPLETED
2026-02-18,ITEM_03,28.0,Card,COMPLETED
2026-02-18,ITEM_04,54.0,Card,COMPLETED
2026-02-18,ITEM_05,64.0,Card,COMPLETED
2026-02-18,ITEM_06,19.0,Card,COMPLETED
2026-02-18,ITEM_07,24.0,Card,COMPLETED
2026-02-18,ITEM_08,26.0,Cash,COMPLETED
2026-02-19,ITEM_01,83.0,Card,COMPLETED
2026-02-19,ITEM_02,46.0,Cash,COMPLETED
2026-02-19,ITEM_03,30.0,Card,COMPLETED
2026-02-19,ITEM_04,47.0,Cash,COMPLETED
2026-02-19,ITEM_05,58.0,Card,COMPLETED
2026-02-19,ITEM_06,12.0,Card,COMPLETED
2026-02-19,ITEM_07,26.0,Card,COMPLETED
2026-02-19,ITEM_08,33.0,Card,COMPLETED
2026-02-20,ITEM_01,84.0,Cash,COMPLETED
2026-02-20,ITEM_02,46.0,Card,COMPLETED
2026-02-20,ITEM_03,32.0,Card,COMPLETED
2026-02-20,ITEM_04,47.0,Card,COMPLETED
2026-02-20,ITEM_05,64.0,Card,COMPLETED
2026-02-20,ITEM_06,18.0,Card,COMPLETED
2026-02-20,ITEM_07,19.0,Card,COMPLETED
2026-02-20,ITEM_08,25.0,Card,COMPLETED
2026-02-21,ITEM_01,110.0,Card,COMPLETED
2026-02-21,ITEM_02,50.0,Card,COMPLETED
2026-02-21,ITEM_03,38.0,Card,COMPLETED
2026-02-21,ITEM_04,63.0,Card,COMPLETED
2026-02-21,ITEM_05,80.0,Cash,COMPLETED
2026-02-21,ITEM_06,18.0,Cash,COMPLETED
2026-02-21,ITEM_07,15.0,Card,COMPLETED
2026-02-21,ITEM_08,29.0,Cash,COMPLETED
2026-02-22,ITEM_01,104.0,Cash,COMPLETED
2026-02-22,ITEM_02,41.0,Card,COMPLETED
2026-02-22,ITEM_03,50.0,Card,COMPLETED
2026-02-22,ITEM_04,53.0,Card,COMPLETED
2026-02-22,ITEM_05,75.0,Card,COMPLETED
2026-02-22,ITEM_06,20.0,Card,COMPLETED
2026-02-22,ITEM_07,34.0,Cash,COMPLETED
2026-02-22,ITEM_08,43.0,Card,COMPLETED
2026-02-23,ITEM_01,90.0,Card,COMPLETED
2026-02-23,ITEM_02,48.0,Card,COMPLETED
2026-02-23,ITEM_03,35.0,Card,COMPLETED
2026-02-23,ITEM_04,41.0,Card,COMPLETED
2026-02-23,ITEM_05,57.0,Card,COMPLETED
2026-02-23,ITEM_06,12.0,Cash,COMPLETED
2026-02-23,ITEM_07,25.0,Card,COMPLETED
2026-02-23,ITEM_08,27.0,Card,COMPLETED
2026-02-24,ITEM_01,84.0,Cash,COMPLETED
2026-02-24,ITEM_02,50.0,Cash,COMPLETED
2026-02-24,ITEM_03,29.0,Card,COMPLETED
2026-02-24,ITEM_04,59.0,Card,COMPLETED
2026-02-24,ITEM_05,66.0,Card,COMPLETED
2026-02-24,ITEM_06,13.0,Card,COMPLETED
2026-02-24,ITEM_07,21.0,Card,COMPLETED
2026-02-24,ITEM_08,34.0,Card,COMPLETED
2026-02-25,ITEM_01,75.0,Card,COMPLETED
2026-02-25,ITEM_02,38.0,Card,COMPLETED
2026-02-25,ITEM_03,28.0,Cash,COMPLETED
2026-02-25,ITEM_04,43.0,Card,COMPLETED
2026-02-25,ITEM_05,62.0,Card,COMPLETED
2026-02-25,ITEM_06,19.0,Card,COMPLETED
2026-02-25,ITEM_07,28.0,Cash,COMPLETED
2026-02-25,ITEM_08,29.0,Cash,COMPLETED
2026-02-26,ITEM_01,82.0,Card,COMPLETED
2026-02-26,ITEM_02,40.0,Card,COMPLETED
2026-02-26,ITEM_03,26.0,Card,COMPLETED
2026-02-26,ITEM_04,51.0,Card,COMPLETED
2026-02-26,ITEM_05,56.0,Card,COMPLETED
2026-02-26,ITEM_06,22.0,Card,COMPLETED
2026-02-26,ITEM_07,17.0,Cash,COMPLETED
2026-02-26,ITEM_08,33.0,Card,COMPLETED
2026-02-27,ITEM_01,94.0,Cash,COMPLETED
2026-02-27,ITEM_02,40.0,Card,COMPLETED
2026-02-27,ITEM_03,33.0,Card,COMPLETED
2026-02-27,ITEM_04,53.0,Card,COMPLETED
2026-02-27,ITEM_05,62.0,Card,COMPLETED
2026-02-27,ITEM_06,21.0,Card,COMPLETED
2026-02-27,ITEM_07,28.0,Card,COMPLETED
2026-02-27,ITEM_08,31.0,Cash,COMPLETED
2026-02-28,ITEM_01,111.0,Card,COMPLETED
2026-02-28,ITEM_02,52.0,Cash,COMPLETED
2026-02-28,ITEM_03,45.0,Cash,COMPLETED
2026-02-28,ITEM_04,67.0,Card,COMPLETED
2026-02-28,ITEM_05,69.0,Card,COMPLETED
2026-02-28,ITEM_06,31.0,Card,COMPLETED
2026-02-28,ITEM_07,32.0,Cash,COMPLETED
2026-02-28,ITEM_08,42.0,Card,COMPLETED
2026-03-01,ITEM_01,120.0,Cash,COMPLETED
2026-03-01,ITEM_02,48.0,Card,COMPLETED
2026-03-01,ITEM_03,47.0,Card,COMPLETED
2026-03-01,ITEM_04,63.0,Card,COMPLETED
2026-03-01,ITEM_05,71.0,Cash,COMPLETED
2026-03-01,ITEM_06,13.0,Card,COMPLETED
2026-03-01,ITEM_07,32.0,Card,COMPLETED
2026-03-01,ITEM_08,42.0,Card,COMPLETED
2026-03-02,ITEM_01,94.0,Card,COMPLETED
2026-03-02,ITEM_02,46.0,Card,COMPLETED
2026-03-02,ITEM_03,36.0,Card,COMPLETED
2026-03-02,ITEM_04,49.0,Card,COMPLETED
2026-03-02,ITEM_05,53.0,Card,COMPLETED
2026-03-02,ITEM_06,18.0,Card,COMPLETED
2026-03-02,ITEM_07,24.0,Card,COMPLETED
2026-03-02,ITEM_08,30.0,Card,COMPLETED
2026-03-03,ITEM_01,88.0,Cash,COMPLETED
2026-03-03,ITEM_02,37.0,Card,COMPLETED
2026-03-03,ITEM_03,34.0,Card,COMPLETED
2026-03-03,ITEM_04,49.0,Card,COMPLETED
2026-03-03,ITEM_05,62.0,Card,COMPLETED
2026-03-03,ITEM_06,14.0,Card,COMPLETED
2026-03-03,ITEM_07,29.0,Cash,COMPLETED
2026-03-03,ITEM_08,28.0,Card,COMPLETED
2026-03-04,ITEM_01,85.0,Card,COMPLETED
2026-03-04,ITEM_02,32.0,Card,COMPLETED
2026-03-04,ITEM_03,37.0,Card,COMPLETED
2026-03-04,ITEM_04,46.0,Card,COMPLETED
2026-03-04,ITEM_05,56.0,Card,COMPLETED
2026-03-04,ITEM_06,27.0,Card,COMPLETED
2026-03-04,ITEM_07,30.0,Card,COMPLETED
2026-03-04,ITEM_08,34.0,Card,COMPLETED
2026-03-05,ITEM_01,80.0,Card,COMPLETED
2026-03-05,ITEM_02,31.0,Cash,COMPLETED
2026-03-05,ITEM_03,41.0,Card,COMPLETED
2026-03-05,ITEM_04,47.0,Card,COMPLETED
2026-03-05,ITEM_05,56.0,Cash,COMPLETED
2026-03-05,ITEM_06,14.0,Cash,COMPLETED
2026-03-05,ITEM_07,25.0,Cash,COMPLETED
2026-03-05,ITEM_08,21.0,Card,COMPLETED
2026-03-06,ITEM_01,92.0,Cash,COMPLETED
2026-03-06,ITEM_02,32.0,Card,COMPLETED
2026-03-06,ITEM_03,23.0,Card,COMPLETED
2026-03-06,ITEM_04,52.0,Card,COMPLETED
2026-03-06,ITEM_05,61.0,Card,COMPLETED
2026-03-06,ITEM_06,27.0,Card,COMPLETED
2026-03-06,ITEM_07,22.0,Card,COMPLETED
2026-03-06,ITEM_08,28.0,Card,COMPLETED
2026-03-07,ITEM_01,111.0,Cash,COMPLETED
2026-03-07,ITEM_02,51.0,Card,COMPLETED
2026-03-07,ITEM_03,48.0,Card,COMPLETED
2026-03-07,ITEM_04,62.0,Card,COMPLETED
2026-03-07,ITEM_05,85.0,Card,COMPLETED
2026-03-07,ITEM_06,2.0,Card,COMPLETED
2026-03-07,ITEM_07,31.0,Card,COMPLETED
2026-03-07,ITEM_08,44.0,Cash,COMPLETED
2026-03-08,ITEM_01,108.0,Cash,COMPLETED
2026-03-08,ITEM_02,45.0,Card,COMPLETED
2026-03-08,ITEM_03,47.0,Card,COMPLETED
2026-03-08,ITEM_04,68.0,Card,COMPLETED
2026-03-08,ITEM_05,76.0,Cash,COMPLETED
2026-03-08,ITEM_06,18.0,Cash,COMPLETED
2026-03-08,ITEM_07,32.0,Card,COMPLETED
2026-03-08,ITEM_08,43.0,Card,COMPLETED
2026-03-09,ITEM_01,89.0,Cash,COMPLETED
2026-03-09,ITEM_02,43.0,Cash,COMPLETED
2026-03-09,ITEM_03,29.0,Card,COMPLETED
2026-03-09,ITEM_04,48.0,Card,COMPLETED
2026-03-09,ITEM_05,60.0,Card,COMPLETED
2026-03-09,ITEM_06,4.0,Card,COMPLETED
2026-03-09,ITEM_07,32.0,Card,COMPLETED
2026-03-09,ITEM_08,22.0,Card,COMPLETED
2026-03-10,ITEM_01,86.0,Card,COMPLETED
2026-03-10,ITEM_02,39.0,Card,COMPLETED
2026-03-10,ITEM_03,38.0,Cash,COMPLETED
2026-03-10,ITEM_04,49.0,Card,COMPLETED
2026-03-10,ITEM_05,59.0,Card,COMPLETED
2026-03-10,ITEM_06,17.0,Card,COMPLETED
2026-03-10,ITEM_07,22.0,Card,COMPLETED
2026-03-10,ITEM_08,31.0,Card,COMPLETED
2026-03-11,ITEM_01,74.0,Card,COMPLETED
2026-03-11,ITEM_02,39.0,Card,COMPLETED
2026-03-11,ITEM_03,26.0,Card,COMPLETED
2026-03-11,ITEM_04,56.0,Card,COMPLETED
2026-03-11,ITEM_05,64.0,Card,COMPLETED
2026-03-11,ITEM_06,15.0,Card,COMPLETED
2026-03-11,ITEM_07,,Cash,CORRUPTED
2026-03-11,ITEM_08,3.0,Cash,COMPLETED
2026-03-12,ITEM_01,82.0,Card,COMPLETED
2026-03-12,ITEM_02,44.0,Card,COMPLETED
2026-03-12,ITEM_03,27.0,Card,COMPLETED
2026-03-12,ITEM_04,45.0,Card,COMPLETED
2026-03-12,ITEM_05,51.0,Card,COMPLETED
2026-03-12,ITEM_06,19.0,Card,COMPLETED
2026-03-12,ITEM_07,15.0,Cash,COMPLETED
2026-03-12,ITEM_08,35.0,Card,COMPLETED
2026-03-13,ITEM_01,89.0,Card,COMPLETED
2026-03-13,ITEM_02,41.0,Card,COMPLETED
2026-03-13,ITEM_03,38.0,Card,COMPLETED
2026-03-13,ITEM_04,51.0,Card,COMPLETED
2026-03-13,ITEM_05,57.0,Card,COMPLETED
2026-03-13,ITEM_06,18.0,Card,COMPLETED
2026-03-13,ITEM_07,32.0,Card,COMPLETED
2026-03-13,ITEM_08,29.0,Cash,COMPLETED
2026-03-14,ITEM_01,113.0,Card,COMPLETED
2026-03-14,ITEM_02,53.0,Card,COMPLETED
2026-03-14,ITEM_03,49.0,Cash,COMPLETED
2026-03-14,ITEM_04,59.0,Card,COMPLETED
2026-03-14,ITEM_05,83.0,Card,COMPLETED
2026-03-14,ITEM_06,18.0,Card,COMPLETED
2026-03-14,ITEM_07,33.0,Card,COMPLETED
2026-03-14,ITEM_08,34.0,Card,COMPLETED
2026-03-15,ITEM_01,114.0,Card,COMPLETED
2026-03-15,ITEM_02,54.0,Card,COMPLETED
2026-03-15,ITEM_03,55.0,Card,COMPLETED
2026-03-15,ITEM_04,60.0,Cash,COMPLETED
2026-03-15,ITEM_05,76.0,Cash,COMPLETED
2026-03-15,ITEM_06,31.0,Card,COMPLETED
2026-03-15,ITEM_07,28.0,Card,COMPLETED
2026-03-15,ITEM_08,43.0,Card,COMPLETED
2026-03-16,ITEM_01,89.0,Card,COMPLETED
2026-03-16,ITEM_02,41.0,Card,COMPLETED
2026-03-16,ITEM_03,40.0,Card,COMPLETED
2026-03-16,ITEM_04,48.0,Card,COMPLETED
2026-03-16,ITEM_05,52.0,Cash,COMPLETED
2026-03-16,ITEM_06,11.0,Card,COMPLETED
2026-03-16,ITEM_07,20.0,Card,COMPLETED
2026-03-16,ITEM_08,30.0,Cash,COMPLETED
2026-03-17,ITEM_01,83.0,Card,COMPLETED
2026-03-17,ITEM_02,4.0,Card,COMPLETED
2026-03-17,ITEM_03,34.0,Card,COMPLETED
2026-03-17,ITEM_04,53.0,Card,COMPLETED
2026-03-17,ITEM_05,67.0,Card,COMPLETED
2026-03-17,ITEM_06,11.0,Card,COMPLETED
2026-03-17,ITEM_07,21.0,Card,COMPLETED
2026-03-17,ITEM_08,35.0,Card,COMPLETED
2026-03-18,ITEM_01,93.0,Cash,COMPLETED
2026-03-18,ITEM_02,42.0,Card,COMPLETED
2026-03-18,ITEM_03,33.0,Card,COMPLETED
2026-03-18,ITEM_04,46.0,Cash,COMPLETED
2026-03-18,ITEM_05,59.0,Card,COMPLETED
2026-03-18,ITEM_06,14.0,Card,COMPLETED
2026-03-18,ITEM_07,21.0,Card,COMPLETED
2026-03-18,ITEM_08,27.0,Card,COMPLETED
2026-03-19,ITEM_01,85.0,Cash,COMPLETED
2026-03-19,ITEM_02,40.0,Card,COMPLETED
2026-03-19,ITEM_03,41.0,Card,COMPLETED
2026-03-19,ITEM_04,59.0,Card,COMPLETED
2026-03-19,ITEM_05,65.0,Cash,COMPLETED
2026-03-19,ITEM_06,18.0,Card,COMPLETED
2026-03-19,ITEM_07,28.0,Cash,COMPLETED
2026-03-19,ITEM_08,30.0,Card,COMPLETED
2026-03-20,ITEM_01,90.0,Cash,COMPLETED
2026-03-20,ITEM_02,3.0,Card,COMPLETED
2026-03-20,ITEM_03,25.0,Card,COMPLETED
2026-03-20,ITEM_04,55.0,Card,COMPLETED
2026-03-20,ITEM_05,56.0,Card,COMPLETED
2026-03-20,ITEM_06,17.0,Card,COMPLETED
2026-03-20,ITEM_07,31.0,Card,COMPLETED
2026-03-20,ITEM_08,21.0,Card,COMPLETED
2026-03-21,ITEM_01,107.0,Cash,COMPLETED
2026-03-21,ITEM_02,54.0,Cash,COMPLETED
2026-03-21,ITEM_03,32.0,Card,COMPLETED
2026-03-21,ITEM_04,64.0,Card,COMPLETED
2026-03-21,ITEM_05,79.0,Card,COMPLETED
2026-03-21,ITEM_06,22.0,Cash,COMPLETED
2026-03-21,ITEM_07,34.0,Card,COMPLETED
2026-03-21,ITEM_08,43.0,Cash,COMPLETED
2026-03-22,ITEM_01,103.0,Card,COMPLETED
2026-03-22,ITEM_02,49.0,Card,COMPLETED
2026-03-22,ITEM_03,51.0,Card,COMPLETED
2026-03-22,ITEM_04,69.0,Cash,COMPLETED
2026-03-22,ITEM_05,78.0,Card,COMPLETED
2026-03-22,ITEM_06,24.0,Card,COMPLETED
2026-03-22,ITEM_07,28.0,Card,COMPLETED
2026-03-22,ITEM_08,39.0,Card,COMPLETED
2026-03-23,ITEM_01,80.0,Card,COMPLETED
2026-03-23,ITEM_02,40.0,Card,COMPLETED
2026-03-23,ITEM_03,32.0,Cash,COMPLETED
2026-03-23,ITEM_04,54.0,Card,COMPLETED
2026-03-23,ITEM_05,6.0,Card,COMPLETED
2026-03-23,ITEM_06,14.0,Cash,COMPLETED
2026-03-23,ITEM_07,22.0,Card,COMPLETED
2026-03-23,ITEM_08,31.0,Card,COMPLETED
2026-03-24,ITEM_01,81.0,Card,COMPLETED
2026-03-24,ITEM_02,41.0,Card,COMPLETED
2026-03-24,ITEM_03,38.0,Cash,COMPLETED
2026-03-24,ITEM_04,47.0,Card,COMPLETED
2026-03-24,ITEM_05,52.0,Card,COMPLETED
2026-03-24,ITEM_06,13.0,Card,COMPLETED
2026-03-24,ITEM_07,27.0,Cash,COMPLETED
2026-03-24,ITEM_08,2.0,Card,COMPLETED
2026-03-25,ITEM_01,89.0,Cash,COMPLETED
2026-03-25,ITEM_02,42.0,Card,COMPLETED
2026-03-25,ITEM_03,33.0,Card,COMPLETED
2026-03-25,ITEM_04,51.0,Card,COMPLETED
2026-03-25,ITEM_05,60.0,Card,COMPLETED
2026-03-25,ITEM_06,14.0,Cash,COMPLETED
2026-03-25,ITEM_07,26.0,Card,COMPLETED
2026-03-25,ITEM_08,29.0,Cash,COMPLETED
2026-03-26,ITEM_01,82.0,Card,COMPLETED
2026-03-26,ITEM_02,42.0,Card,COMPLETED
2026-03-26,ITEM_03,26.0,Card,COMPLETED
2026-03-26,ITEM_04,60.0,Card,COMPLETED
2026-03-26,ITEM_05,65.0,Card,COMPLETED
2026-03-26,ITEM_06,12.0,Cash,COMPLETED
2026-03-26,ITEM_07,31.0,Card,COMPLETED
2026-03-26,ITEM_08,33.0,Cash,COMPLETED
2026-03-27,ITEM_01,82.0,Card,COMPLETED
2026-03-27,ITEM_02,44.0,Card,COMPLETED
2026-03-27,ITEM_03,44.0,Card,COMPLETED
2026-03-27,ITEM_04,55.0,Card,COMPLETED
2026-03-27,ITEM_05,54.0,Card,COMPLETED
2026-03-27,ITEM_06,17.0,Cash,COMPLETED
2026-03-27,ITEM_07,26.0,Card,COMPLETED
2026-03-27,ITEM_08,27.0,Cash,COMPLETED
2026-03-28,ITEM_01,109.0,Cash,COMPLETED
2026-03-28,ITEM_02,53.0,Card,COMPLETED
2026-03-28,ITEM_03,47.0,Card,COMPLETED
2026-03-28,ITEM_04,65.0,Card,COMPLETED
2026-03-28,ITEM_05,69.0,Card,COMPLETED
2026-03-28,ITEM_06,23.0,Card,COMPLETED
2026-03-28,ITEM_07,34.0,Card,COMPLETED
2026-03-28,ITEM_08,41.0,Card,COMPLETED
2026-03-29,ITEM_01,122.0,Card,COMPLETED
2026-03-29,ITEM_02,54.0,Card,COMPLETED
2026-03-29,ITEM_03,45.0,Cash,COMPLETED
2026-03-29,ITEM_04,71.0,Cash,COMPLETED
2026-03-29,ITEM_05,83.0,Card,COMPLETED
2026-03-29,ITEM_06,19.0,Card,COMPLETED
2026-03-29,ITEM_07,26.0,Card,COMPLETED
2026-03-29,ITEM_08,31.0,Card,COMPLETED
2026-03-30,ITEM_01,93.0,Card,COMPLETED
2026-03-30,ITEM_02,47.0,Card,COMPLETED
2026-03-30,ITEM_03,,Card,CORRUPTED
2026-03-30,ITEM_04,50.0,Card,COMPLETED
2026-03-30,ITEM_05,67.0,Card,COMPLETED
2026-03-30,ITEM_06,12.0,Card,COMPLETED
2026-03-30,ITEM_07,19.0,Card,COMPLETED
2026-03-30,ITEM_08,3.0,Card,COMPLETED
2026-03-31,ITEM_01,79.0,Cash,COMPLETED
2026-03-31,ITEM_02,32.0,Card,COMPLETED
2026-03-31,ITEM_03,35.0,Card,COMPLETED
2026-03-31,ITEM_04,53.0,Card,COMPLETED
2026-03-31,ITEM_05,,Card,CORRUPTED
2026-03-31,ITEM_06,8.0,Card,COMPLETED
2026-03-31,ITEM_07,27.0,Cash,COMPLETED
2026-03-31,ITEM_08,23.0,Card,COMPLETED
2026-04-01,ITEM_01,91.0,Card,COMPLETED
2026-04-01,ITEM_02,33.0,Card,COMPLETED
2026-04-01,ITEM_03,37.0,Cash,COMPLETED
2026-04-01,ITEM_04,47.0,Card,COMPLETED
2026-04-01,ITEM_05,63.0,Card,COMPLETED
2026-04-01,ITEM_06,12.0,Cash,COMPLETED
2026-04-01,ITEM_07,5.0,Card,COMPLETED
2026-04-01,ITEM_08,31.0,Cash,COMPLETED
2026-04-02,ITEM_01,88.0,Card,COMPLETED
2026-04-02,ITEM_02,35.0,Card,COMPLETED
2026-04-02,ITEM_03,35.0,Cash,COMPLETED
2026-04-02,ITEM_04,45.0,Card,COMPLETED
2026-04-02,ITEM_05,60.0,Card,COMPLETED
2026-04-02,ITEM_06,19.0,Cash,COMPLETED
2026-04-02,ITEM_07,25.0,Card,COMPLETED
2026-04-02,ITEM_08,30.0,Card,COMPLETED
2026-04-03,ITEM_01,8.0,Cash,COMPLETED
2026-04-03,ITEM_02,37.0,Card,COMPLETED
2026-04-03,ITEM_03,29.0,Card,COMPLETED
2026-04-03,ITEM_04,56.0,Cash,COMPLETED
2026-04-03,ITEM_05,57.0,Card,COMPLETED
2026-04-03,ITEM_06,8.0,Card,COMPLETED
2026-04-03,ITEM_07,18.0,Cash,COMPLETED
2026-04-03,ITEM_08,37.0,Card,COMPLETED
2026-04-04,ITEM_01,114.0,Card,COMPLETED
2026-04-04,ITEM_02,53.0,Card,COMPLETED
2026-04-04,ITEM_03,46.0,Cash,COMPLETED
2026-04-04,ITEM_04,58.0,Cash,COMPLETED
2026-04-04,ITEM_05,8.0,Card,COMPLETED
2026-04-04,ITEM_06,6.0,Card,COMPLETED
2026-04-04,ITEM_07,35.0,Card,COMPLETED
2026-04-04,ITEM_08,40.0,Card,COMPLETED
2026-04-05,ITEM_01,111.0,Card,COMPLETED
2026-04-05,ITEM_02,47.0,Cash,COMPLETED
2026-04-05,ITEM_03,47.0,Card,COMPLETED
2026-04-05,ITEM_04,74.0,Card,COMPLETED
2026-04-05,ITEM_05,73.0,Card,COMPLETED
2026-04-05,ITEM_06,18.0,Card,COMPLETED
2026-04-05,ITEM_07,40.0,Card,COMPLETED
2026-04-05,ITEM_08,41.0,Card,COMPLETED
2026-04-06,ITEM_01,82.0,Card,COMPLETED
2026-04-06,ITEM_02,38.0,Card,COMPLETED
2026-04-06,ITEM_03,32.0,Card,COMPLETED
2026-04-06,ITEM_04,51.0,Card,COMPLETED
2026-04-06,ITEM_05,63.0,Card,COMPLETED
2026-04-06,ITEM_06,16.0,Card,COMPLETED
2026-04-06,ITEM_07,29.0,Card,COMPLETED
2026-04-06,ITEM_08,28.0,Card,COMPLETED
2026-04-07,ITEM_01,86.0,Cash,COMPLETED
2026-04-07,ITEM_02,45.0,Card,COMPLETED
2026-04-07,ITEM_03,32.0,Cash,COMPLETED
2026-04-07,ITEM_04,51.0,Card,COMPLETED
2026-04-07,ITEM_05,55.0,Cash,COMPLETED
2026-04-07,ITEM_06,14.0,Card,COMPLETED
2026-04-07,ITEM_07,25.0,Card,COMPLETED
2026-04-07,ITEM_08,27.0,Card,COMPLETED
2026-04-08,ITEM_01,85.0,Cash,COMPLETED
2026-04-08,ITEM_02,37.0,Card,COMPLETED
2026-04-08,ITEM_03,41.0,Card,COMPLETED
2026-04-08,ITEM_04,45.0,Card,COMPLETED
2026-04-08,ITEM_05,65.0,Card,COMPLETED
2026-04-08,ITEM_06,17.0,Card,COMPLETED
2026-04-08,ITEM_07,32.0,Card,COMPLETED
2026-04-08,ITEM_08,25.0,Card,COMPLETED
2026-04-09,ITEM_01,82.0,Card,COMPLETED
2026-04-09,ITEM_02,32.0,Cash,COMPLETED
2026-04-09,ITEM_03,3.0,Card,COMPLETED
2026-04-09,ITEM_04,50.0,Card,COMPLETED
2026-04-09,ITEM_05,62.0,Card,COMPLETED
2026-04-09,ITEM_06,21.0,Card,COMPLETED
2026-04-09,ITEM_07,27.0,Cash,COMPLETED
2026-04-09,ITEM_08,28.0,Card,COMPLETED
2026-04-10,ITEM_01,88.0,Card,COMPLETED
2026-04-10,ITEM_02,30.0,Card,COMPLETED
2026-04-10,ITEM_03,48.0,Cash,COMPLETED
2026-04-10,ITEM_04,56.0,Cash,COMPLETED
2026-04-10,ITEM_05,60.0,Card,COMPLETED
2026-04-10,ITEM_06,13.0,Card,COMPLETED
2026-04-10,ITEM_07,26.0,Card,COMPLETED
2026-04-10,ITEM_08,28.0,Card,COMPLETED
2026-04-11,ITEM_01,113.0,Card,COMPLETED
2026-04-11,ITEM_02,49.0,Card,COMPLETED
2026-04-11,ITEM_03,50.0,Cash,COMPLETED
2026-04-11,ITEM_04,65.0,Card,COMPLETED
2026-04-11,ITEM_05,79.0,Cash,COMPLETED
2026-04-11,ITEM_06,22.0,Card,COMPLETED
2026-04-11,ITEM_07,30.0,Card,COMPLETED
2026-04-11,ITEM_08,35.0,Card,COMPLETED
2026-04-12,ITEM_01,105.0,Card,COMPLETED
2026-04-12,ITEM_02,53.0,Card,COMPLETED
2026-04-12,ITEM_03,45.0,Cash,COMPLETED
2026-04-12,ITEM_04,63.0,Cash,COMPLETED
2026-04-12,ITEM_05,79.0,Cash,COMPLETED
2026-04-12,ITEM_06,26.0,Cash,COMPLETED
2026-04-12,ITEM_07,3.0,Card,COMPLETED
2026-04-12,ITEM_08,39.0,Card,COMPLETED
2026-04-13,ITEM_01,87.0,Card,COMPLETED
2026-04-13,ITEM_02,43.0,Cash,COMPLETED
2026-04-13,ITEM_03,29.0,Cash,COMPLETED
2026-04-13,ITEM_04,45.0,Card,COMPLETED
2026-04-13,ITEM_05,55.0,Cash,COMPLETED
2026-04-13,ITEM_06,17.0,Card,COMPLETED
2026-04-13,ITEM_07,27.0,Cash,COMPLETED
2026-04-13,ITEM_08,26.0,Card,COMPLETED
2026-04-14,ITEM_01,79.0,Card,COMPLETED
2026-04-14,ITEM_02,44.0,Cash,COMPLETED
2026-04-14,ITEM_03,36.0,Card,COMPLETED
2026-04-14,ITEM_04,51.0,Card,COMPLETED
2026-04-14,ITEM_05,59.0,Card,COMPLETED
2026-04-14,ITEM_06,13.0,Card,COMPLETED
2026-04-14,ITEM_07,13.0,Card,COMPLETED
2026-04-14,ITEM_08,30.0,Card,COMPLETED
2026-04-15,ITEM_01,74.0,Cash,COMPLETED
2026-04-15,ITEM_02,38.0,Card,COMPLETED
2026-04-15,ITEM_03,34.0,Card,COMPLETED
2026-04-15,ITEM_04,45.0,Card,COMPLETED
2026-04-15,ITEM_05,69.0,Cash,COMPLETED
2026-04-15,ITEM_06,18.0,Card,COMPLETED
2026-04-15,ITEM_07,22.0,Card,COMPLETED
2026-04-15,ITEM_08,29.0,Card,COMPLETED
2026-04-16,ITEM_01,81.0,Card,COMPLETED
2026-04-16,ITEM_02,46.0,Card,COMPLETED
2026-04-16,ITEM_03,36.0,Card,COMPLETED
2026-04-16,ITEM_04,55.0,Cash,COMPLETED
2026-04-16,ITEM_05,62.0,Card,COMPLETED
2026-04-16,ITEM_06,6.0,Card,COMPLETED
2026-04-16,ITEM_07,25.0,Card,COMPLETED
2026-04-16,ITEM_08,33.0,Card,COMPLETED
2026-04-17,ITEM_01,80.0,Card,COMPLETED
2026-04-17,ITEM_02,36.0,Card,COMPLETED
2026-04-17,ITEM_03,32.0,Card,COMPLETED
2026-04-17,ITEM_04,45.0,Card,COMPLETED
2026-04-17,ITEM_05,61.0,Cash,COMPLETED
2026-04-17,ITEM_06,7.0,Card,COMPLETED
2026-04-17,ITEM_07,20.0,Card,COMPLETED
2026-04-17,ITEM_08,36.0,Card,COMPLETED
2026-04-18,ITEM_01,112.0,Card,COMPLETED
2026-04-18,ITEM_02,46.0,Card,COMPLETED
2026-04-18,ITEM_03,45.0,Card,COMPLETED
2026-04-18,ITEM_04,61.0,Cash,COMPLETED
2026-04-18,ITEM_05,83.0,Card,COMPLETED
2026-04-18,ITEM_06,13.0,Card,COMPLETED
2026-04-18,ITEM_07,30.0,Card,COMPLETED
2026-04-18,ITEM_08,42.0,Card,COMPLETED
2026-04-19,ITEM_01,106.0,Card,COMPLETED
2026-04-19,ITEM_02,63.0,Card,COMPLETED
2026-04-19,ITEM_03,39.0,Card,COMPLETED
2026-04-19,ITEM_04,67.0,Card,COMPLETED
2026-04-19,ITEM_05,75.0,Card,COMPLETED
2026-04-19,ITEM_06,8.0,Card,COMPLETED
2026-04-19,ITEM_07,32.0,Card,COMPLETED
2026-04-19,ITEM_08,43.0,Cash,COMPLETED
2026-04-20,ITEM_01,85.0,Card,COMPLETED
2026-04-20,ITEM_02,30.0,Card,COMPLETED
2026-04-20,ITEM_03,32.0,Cash,COMPLETED
2026-04-20,ITEM_04,52.0,Card,COMPLETED
2026-04-20,ITEM_05,63.0,Card,COMPLETED
2026-04-20,ITEM_06,21.0,Card,COMPLETED
2026-04-20,ITEM_07,21.0,Cash,COMPLETED
2026-04-20,ITEM_08,38.0,Card,COMPLETED
2026-04-21,ITEM_01,83.0,Card,COMPLETED
2026-04-21,ITEM_02,41.0,Card,COMPLETED
2026-04-21,ITEM_03,42.0,Card,COMPLETED
2026-04-21,ITEM_04,51.0,Card,COMPLETED
2026-04-21,ITEM_05,57.0,Cash,COMPLETED
2026-04-21,ITEM_06,13.0,Cash,COMPLETED
2026-04-21,ITEM_07,21.0,Cash,COMPLETED
2026-04-21,ITEM_08,23.0,Cash,COMPLETED
2026-04-22,ITEM_01,91.0,Card,COMPLETED
2026-04-22,ITEM_02,40.0,Card,COMPLETED
2026-04-22,ITEM_03,40.0,Card,COMPLETED
2026-04-22,ITEM_04,60.0,Cash,COMPLETED
2026-04-22,ITEM_05,72.0,Cash,COMPLETED
2026-04-22,ITEM_06,23.0,Card,COMPLETED
2026-04-22,ITEM_07,21.0,Card,COMPLETED
2026-04-22,ITEM_08,26.0,Card,COMPLETED
2026-04-23,ITEM_01,83.0,Card,COMPLETED
2026-04-23,ITEM_02,39.0,Cash,COMPLETED
2026-04-23,ITEM_03,32.0,Card,COMPLETED
2026-04-23,ITEM_04,51.0,Card,COMPLETED
2026-04-23,ITEM_05,66.0,Cash,COMPLETED
2026-04-23,ITEM_06,21.0,Card,COMPLETED
2026-04-23,ITEM_07,17.0,Card,COMPLETED
2026-04-23,ITEM_08,28.0,Card,COMPLETED
2026-04-24,ITEM_01,84.0,Card,COMPLETED
2026-04-24,ITEM_02,45.0,Card,COMPLETED
2026-04-24,ITEM_03,35.0,Cash,COMPLETED
2026-04-24,ITEM_04,56.0,Card,COMPLETED
2026-04-24,ITEM_05,59.0,Card,COMPLETED
2026-04-24,ITEM_06,16.0,Card,COMPLETED
2026-04-24,ITEM_07,24.0,Card,COMPLETED
2026-04-24,ITEM_08,28.0,Card,COMPLETED
2026-04-25,ITEM_01,104.0,Cash,COMPLETED
2026-04-25,ITEM_02,46.0,Cash,COMPLETED
2026-04-25,ITEM_03,4.0,Card,COMPLETED
2026-04-25,ITEM_04,66.0,Card,COMPLETED
2026-04-25,ITEM_05,82.0,Card,COMPLETED
2026-04-25,ITEM_06,16.0,Card,COMPLETED
2026-04-25,ITEM_07,28.0,Card,COMPLETED
2026-04-25,ITEM_08,4.0,Card,COMPLETED
2026-04-26,ITEM_01,105.0,Card,COMPLETED
2026-04-26,ITEM_02,47.0,Card,COMPLETED
2026-04-26,ITEM_03,49.0,Cash,COMPLETED
2026-04-26,ITEM_04,65.0,Card,COMPLETED
2026-04-26,ITEM_05,73.0,Card,COMPLETED
2026-04-26,ITEM_06,14.0,Card,COMPLETED
2026-04-26,ITEM_07,28.0,Card,COMPLETED
2026-04-26,ITEM_08,40.0,Card,COMPLETED
2026-04-27,ITEM_01,86.0,Cash,COMPLETED
2026-04-27,ITEM_02,40.0,Card,COMPLETED
2026-04-27,ITEM_03,43.0,Card,COMPLETED
2026-04-27,ITEM_04,37.0,Cash,COMPLETED
2026-04-27,ITEM_05,63.0,Card,COMPLETED
2026-04-27,ITEM_06,13.0,Cash,COMPLETED
2026-04-27,ITEM_07,31.0,Cash,COMPLETED
2026-04-27,ITEM_08,24.0,Cash,COMPLETED
2026-04-28,ITEM_01,90.0,Cash,COMPLETED
2026-04-28,ITEM_02,43.0,Card,COMPLETED
2026-04-28,ITEM_03,37.0,Card,COMPLETED
2026-04-28,ITEM_04,47.0,Card,COMPLETED
2026-04-28,ITEM_05,61.0,Card,COMPLETED
2026-04-28,ITEM_06,20.0,Cash,COMPLETED
2026-04-28,ITEM_07,24.0,Card,COMPLETED
2026-04-28,ITEM_08,32.0,Card,COMPLETED
2026-04-29,ITEM_01,83.0,Cash,COMPLETED
2026-04-29,ITEM_02,40.0,Card,COMPLETED
2026-04-29,ITEM_03,40.0,Card,COMPLETED
2026-04-29,ITEM_04,55.0,Card,COMPLETED
2026-04-29,ITEM_05,69.0,Card,COMPLETED
2026-04-29,ITEM_06,17.0,Card,COMPLETED
2026-04-29,ITEM_07,24.0,Card,COMPLETED
2026-04-29,ITEM_08,29.0,Card,COMPLETED
2026-04-30,ITEM_01,85.0,Card,COMPLETED
2026-04-30,ITEM_02,41.0,Card,COMPLETED
2026-04-30,ITEM_03,32.0,Card,COMPLETED
2026-04-30,ITEM_04,65.0,Card,COMPLETED
2026-04-30,ITEM_05,49.0,Card,COMPLETED
2026-04-30,ITEM_06,7.0,Card,COMPLETED
2026-04-30,ITEM_07,18.0,Card,COMPLETED
2026-04-30,ITEM_08,31.0,Card,COMPLETED
2026-05-01,ITEM_01,77.0,Card,COMPLETED
2026-05-01,ITEM_02,38.0,Card,COMPLETED
2026-05-01,ITEM_03,30.0,Card,COMPLETED
2026-05-01,ITEM_04,54.0,Card,COMPLETED
2026-05-01,ITEM_05,69.0,Cash,COMPLETED
2026-05-01,ITEM_06,16.0,Card,COMPLETED
2026-05-01,ITEM_07,19.0,Card,COMPLETED
2026-05-01,ITEM_08,32.0,Card,COMPLETED
2026-05-02,ITEM_01,109.0,Card,COMPLETED
2026-05-02,ITEM_02,50.0,Card,COMPLETED
2026-05-02,ITEM_03,36.0,Card,COMPLETED
2026-05-02,ITEM_04,65.0,Card,COMPLETED
2026-05-02,ITEM_05,78.0,Card,COMPLETED
2026-05-02,ITEM_06,11.0,Card,COMPLETED
2026-05-02,ITEM_07,33.0,Card,COMPLETED
2026-05-02,ITEM_08,37.0,Cash,COMPLETED
2026-05-03,ITEM_01,108.0,Card,COMPLETED
2026-05-03,ITEM_02,50.0,Card,COMPLETED
2026-05-03,ITEM_03,39.0,Card,COMPLETED
2026-05-03,ITEM_04,74.0,Card,COMPLETED
2026-05-03,ITEM_05,80.0,Card,COMPLETED
2026-05-03,ITEM_06,25.0,Cash,COMPLETED
2026-05-03,ITEM_07,30.0,Card,COMPLETED
2026-05-03,ITEM_08,,Card,CORRUPTED
2026-05-04,ITEM_01,86.0,Card,COMPLETED
2026-05-04,ITEM_02,37.0,Cash,COMPLETED
2026-05-04,ITEM_03,32.0,Cash,COMPLETED
2026-05-04,ITEM_04,57.0,Card,COMPLETED
2026-05-04,ITEM_05,58.0,Card,COMPLETED
2026-05-04,ITEM_06,18.0,Card,COMPLETED
2026-05-04,ITEM_07,22.0,Card,COMPLETED
2026-05-04,ITEM_08,39.0,Card,COMPLETED
2026-05-05,ITEM_01,80.0,Card,COMPLETED
2026-05-05,ITEM_02,42.0,Card,COMPLETED
2026-05-05,ITEM_03,43.0,Card,COMPLETED
2026-05-05,ITEM_04,44.0,Cash,COMPLETED
2026-05-05,ITEM_05,61.0,Cash,COMPLETED
2026-05-05,ITEM_06,15.0,Card,COMPLETED
2026-05-05,ITEM_07,26.0,Card,COMPLETED
2026-05-05,ITEM_08,3.0,Cash,COMPLETED
2026-05-06,ITEM_01,78.0,Card,COMPLETED
2026-05-06,ITEM_02,38.0,Card,COMPLETED
2026-05-06,ITEM_03,34.0,Cash,COMPLETED
2026-05-06,ITEM_04,46.0,Card,COMPLETED
2026-05-06,ITEM_05,61.0,Card,COMPLETED
2026-05-06,ITEM_06,17.0,Card,COMPLETED
2026-05-06,ITEM_07,21.0,Cash,COMPLETED
2026-05-06,ITEM_08,29.0,Card,COMPLETED
2026-05-07,ITEM_01,92.0,Card,COMPLETED
2026-05-07,ITEM_02,46.0,Card,COMPLETED
2026-05-07,ITEM_03,41.0,Card,COMPLETED
2026-05-07,ITEM_04,45.0,Card,COMPLETED
2026-05-07,ITEM_05,62.0,Cash,COMPLETED
2026-05-07,ITEM_06,15.0,Card,COMPLETED
2026-05-07,ITEM_07,26.0,Cash,COMPLETED
2026-05-07,ITEM_08,35.0,Card,COMPLETED
2026-05-08,ITEM_01,83.0,Cash,COMPLETED
2026-05-08,ITEM_02,34.0,Cash,COMPLETED
2026-05-08,ITEM_03,32.0,Card,COMPLETED
2026-05-08,ITEM_04,44.0,Card,COMPLETED
2026-05-08,ITEM_05,64.0,Cash,COMPLETED
2026-05-08,ITEM_06,9.0,Cash,COMPLETED
2026-05-08,ITEM_07,19.0,Card,COMPLETED
2026-05-08,ITEM_08,28.0,Card,COMPLETED
2026-05-09,ITEM_01,118.0,Card,COMPLETED
2026-05-09,ITEM_02,51.0,Card,COMPLETED
2026-05-09,ITEM_03,57.0,Card,COMPLETED
2026-05-09,ITEM_04,68.0,Cash,COMPLETED
2026-05-09,ITEM_05,77.0,Cash,COMPLETED
2026-05-09,ITEM_06,15.0,Card,COMPLETED
2026-05-09,ITEM_07,30.0,Card,COMPLETED
2026-05-09,ITEM_08,36.0,Cash,COMPLETED
2026-05-10,ITEM_01,104.0,Card,COMPLETED
2026-05-10,ITEM_02,50.0,Card,COMPLETED
2026-05-10,ITEM_03,45.0,Cash,COMPLETED
2026-05-10,ITEM_04,63.0,Card,COMPLETED
2026-05-10,ITEM_05,68.0,Card,COMPLETED
2026-05-10,ITEM_06,16.0,Card,COMPLETED
2026-05-10,ITEM_07,35.0,Card,COMPLETED
2026-05-10,ITEM_08,37.0,Card,COMPLETED
2026-05-11,ITEM_01,88.0,Card,COMPLETED
2026-05-11,ITEM_02,38.0,Card,COMPLETED
2026-05-11,ITEM_03,29.0,Card,COMPLETED
2026-05-11,ITEM_04,48.0,Card,COMPLETED
2026-05-11,ITEM_05,58.0,Card,COMPLETED
2026-05-11,ITEM_06,16.0,Card,COMPLETED
2026-05-11,ITEM_07,26.0,Card,COMPLETED
2026-05-11,ITEM_08,32.0,Card,COMPLETED
2026-05-12,ITEM_01,77.0,Card,COMPLETED
2026-05-12,ITEM_02,36.0,Cash,COMPLETED
2026-05-12,ITEM_03,27.0,Card,COMPLETED
2026-05-12,ITEM_04,53.0,Card,COMPLETED
2026-05-12,ITEM_05,60.0,Card,COMPLETED
2026-05-12,ITEM_06,22.0,Card,COMPLETED
2026-05-12,ITEM_07,20.0,Card,COMPLETED
2026-05-12,ITEM_08,27.0,Card,COMPLETED
2026-05-13,ITEM_01,77.0,Card,COMPLETED
2026-05-13,ITEM_02,39.0,Cash,COMPLETED
2026-05-13,ITEM_03,48.0,Card,COMPLETED
2026-05-13,ITEM_04,58.0,Card,COMPLETED
2026-05-13,ITEM_05,66.0,Card,COMPLETED
2026-05-13,ITEM_06,17.0,Card,COMPLETED
2026-05-13,ITEM_07,28.0,Card,COMPLETED
2026-05-13,ITEM_08,28.0,Cash,COMPLETED
2026-05-14,ITEM_01,83.0,Cash,COMPLETED
2026-05-14,ITEM_02,43.0,Card,COMPLETED
2026-05-14,ITEM_03,38.0,Card,COMPLETED
2026-05-14,ITEM_04,51.0,Card,COMPLETED
2026-05-14,ITEM_05,58.0,Card,COMPLETED
2026-05-14,ITEM_06,17.0,Cash,COMPLETED
2026-05-14,ITEM_07,22.0,Cash,COMPLETED
2026-05-14,ITEM_08,28.0,Card,COMPLETED
2026-05-15,ITEM_01,80.0,Cash,COMPLETED
2026-05-15,ITEM_02,39.0,Card,COMPLETED
2026-05-15,ITEM_03,38.0,Card,COMPLETED
2026-05-15,ITEM_04,50.0,Card,COMPLETED
2026-05-15,ITEM_05,59.0,Cash,COMPLETED
2026-05-15,ITEM_06,16.0,Card,COMPLETED
2026-05-15,ITEM_07,23.0,Card,COMPLETED
2026-05-15,ITEM_08,30.0,Cash,COMPLETED
2026-05-16,ITEM_01,122.0,Card,COMPLETED
2026-05-16,ITEM_02,53.0,Card,COMPLETED
2026-05-16,ITEM_03,39.0,Card,COMPLETED
2026-05-16,ITEM_04,68.0,Cash,COMPLETED
2026-05-16,ITEM_05,79.0,Cash,COMPLETED
2026-05-16,ITEM_06,23.0,Card,COMPLETED
2026-05-16,ITEM_07,33.0,Card,COMPLETED
2026-05-16,ITEM_08,43.0,Cash,COMPLETED
2026-05-17,ITEM_01,105.0,Cash,COMPLETED
2026-05-17,ITEM_02,50.0,Cash,COMPLETED
2026-05-17,ITEM_03,49.0,Card,COMPLETED
2026-05-17,ITEM_04,67.0,Card,COMPLETED
2026-05-17,ITEM_05,78.0,Card,COMPLETED
2026-05-17,ITEM_06,18.0,Card,COMPLETED
2026-05-17,ITEM_07,30.0,Card,COMPLETED
2026-05-17,ITEM_08,39.0,Card,COMPLETED
2026-05-18,ITEM_01,90.0,Card,COMPLETED
2026-05-18,ITEM_02,30.0,Card,COMPLETED
2026-05-18,ITEM_03,40.0,Card,COMPLETED
2026-05-18,ITEM_04,51.0,Card,COMPLETED
2026-05-18,ITEM_05,54.0,Cash,COMPLETED
2026-05-18,ITEM_06,14.0,Card,COMPLETED
2026-05-18,ITEM_07,19.0,Cash,COMPLETED
2026-05-18,ITEM_08,31.0,Cash,COMPLETED
2026-05-19,ITEM_01,82.0,Card,COMPLETED
2026-05-19,ITEM_02,40.0,Card,COMPLETED
2026-05-19,ITEM_03,34.0,Card,COMPLETED
2026-05-19,ITEM_04,51.0,Cash,COMPLETED
2026-05-19,ITEM_05,61.0,Card,COMPLETED
2026-05-19,ITEM_06,12.0,Card,COMPLETED
2026-05-19,ITEM_07,17.0,Cash,COMPLETED
2026-05-19,ITEM_08,20.0,Card,COMPLETED
2026-05-20,ITEM_01,84.0,Cash,COMPLETED
2026-05-20,ITEM_02,40.0,Cash,COMPLETED
2026-05-20,ITEM_03,26.0,Card,COMPLETED
2026-05-20,ITEM_04,50.0,Card,COMPLETED
2026-05-20,ITEM_05,50.0,Card,COMPLETED
2026-05-20,ITEM_06,19.0,Card,COMPLETED
2026-05-20,ITEM_07,25.0,Cash,COMPLETED
2026-05-20,ITEM_08,34.0,Card,COMPLETED
2026-05-21,ITEM_01,82.0,Cash,COMPLETED
2026-05-21,ITEM_02,35.0,Card,COMPLETED
2026-05-21,ITEM_03,27.0,Cash,COMPLETED
2026-05-21,ITEM_04,62.0,Card,COMPLETED
2026-05-21,ITEM_05,63.0,Cash,COMPLETED
2026-05-21,ITEM_06,16.0,Card,COMPLETED
2026-05-21,ITEM_07,16.0,Cash,COMPLETED
2026-05-21,ITEM_08,36.0,Cash,COMPLETED
2026-05-22,ITEM_01,90.0,Card,COMPLETED
2026-05-22,ITEM_02,3.0,Card,COMPLETED
2026-05-22,ITEM_03,31.0,Card,COMPLETED
2026-05-22,ITEM_04,51.0,Card,COMPLETED
2026-05-22,ITEM_05,62.0,Cash,COMPLETED
2026-05-22,ITEM_06,22.0,Card,COMPLETED
2026-05-22,ITEM_07,21.0,Cash,COMPLETED
2026-05-22,ITEM_08,29.0,Card,COMPLETED
2026-05-23,ITEM_01,114.0,Card,COMPLETED
2026-05-23,ITEM_02,54.0,Card,COMPLETED
2026-05-23,ITEM_03,44.0,Card,COMPLETED
2026-05-23,ITEM_04,70.0,Card,COMPLETED
2026-05-23,ITEM_05,72.0,Card,COMPLETED
2026-05-23,ITEM_06,22.0,Card,COMPLETED
2026-05-23,ITEM_07,37.0,Card,COMPLETED
2026-05-23,ITEM_08,46.0,Card,COMPLETED
2026-05-24,ITEM_01,116.0,Cash,COMPLETED
2026-05-24,ITEM_02,46.0,Card,COMPLETED
2026-05-24,ITEM_03,49.0,Cash,COMPLETED
2026-05-24,ITEM_04,57.0,Card,COMPLETED
2026-05-24,ITEM_05,78.0,Card,COMPLETED
2026-05-24,ITEM_06,13.0,Card,COMPLETED
2026-05-24,ITEM_07,38.0,Card,COMPLETED
2026-05-24,ITEM_08,38.0,Card,COMPLETED
2026-05-25,ITEM_01,81.0,Card,COMPLETED
2026-05-25,ITEM_02,40.0,Card,COMPLETED
2026-05-25,ITEM_03,34.0,Card,COMPLETED
2026-05-25,ITEM_04,59.0,Card,COMPLETED
2026-05-25,ITEM_05,56.0,Card,COMPLETED
2026-05-25,ITEM_06,21.0,Card,COMPLETED
2026-05-25,ITEM_07,21.0,Card,COMPLETED
2026-05-25,ITEM_08,33.0,Card,COMPLETED
2026-05-26,ITEM_01,79.0,Cash,COMPLETED
2026-05-26,ITEM_02,47.0,Cash,COMPLETED
2026-05-26,ITEM_03,32.0,Card,COMPLETED
2026-05-26,ITEM_04,52.0,Card,COMPLETED
2026-05-26,ITEM_05,69.0,Cash,COMPLETED
2026-05-26,ITEM_06,11.0,Card,COMPLETED
2026-05-26,ITEM_07,-21.0,Card,INVALID_QTY
2026-05-26,ITEM_08,30.0,Card,COMPLETED
2026-05-27,ITEM_01,85.0,Card,COMPLETED
2026-05-27,ITEM_02,37.0,Card,COMPLETED
2026-05-27,ITEM_03,38.0,Card,COMPLETED
2026-05-27,ITEM_04,54.0,Card,COMPLETED
2026-05-27,ITEM_05,58.0,Card,COMPLETED
2026-05-27,ITEM_06,23.0,Cash,COMPLETED
2026-05-27,ITEM_07,28.0,Card,COMPLETED
2026-05-27,ITEM_08,26.0,Card,COMPLETED
2026-05-28,ITEM_01,85.0,Card,COMPLETED
2026-05-28,ITEM_02,45.0,Card,COMPLETED
2026-05-28,ITEM_03,29.0,Cash,COMPLETED
2026-05-28,ITEM_04,51.0,Card,COMPLETED
2026-05-28,ITEM_05,55.0,Card,COMPLETED
2026-05-28,ITEM_06,16.0,Card,COMPLETED
2026-05-28,ITEM_07,24.0,Cash,COMPLETED
2026-05-28,ITEM_08,25.0,Card,COMPLETED
2026-05-29,ITEM_01,90.0,Card,COMPLETED
2026-05-29,ITEM_02,45.0,Card,COMPLETED
2026-05-29,ITEM_03,32.0,Card,COMPLETED
2026-05-29,ITEM_04,38.0,Cash,COMPLETED
2026-05-29,ITEM_05,64.0,Card,COMPLETED
2026-05-29,ITEM_06,22.0,Card,COMPLETED
2026-05-29,ITEM_07,22.0,Card,COMPLETED
2026-05-29,ITEM_08,28.0,Card,COMPLETED
2026-05-30,ITEM_01,109.0,Cash,COMPLETED
2026-05-30,ITEM_02,50.0,Card,COMPLETED
2026-05-30,ITEM_03,39.0,Cash,COMPLETED
2026-05-30,ITEM_04,60.0,Cash,COMPLETED
2026-05-30,ITEM_05,80.0,Card,COMPLETED
2026-05-30,ITEM_06,15.0,Card,COMPLETED
2026-05-30,ITEM_07,28.0,Card,COMPLETED
2026-05-30,ITEM_08,35.0,Cash,COMPLETED
2026-05-31,ITEM_01,102.0,Card,COMPLETED
2026-05-31,ITEM_02,51.0,Card,COMPLETED
2026-05-31,ITEM_03,46.0,Card,COMPLETED
2026-05-31,ITEM_04,56.0,Card,COMPLETED
2026-05-31,ITEM_05,72.0,Cash,COMPLETED
2026-05-31,ITEM_06,9.0,Card,COMPLETED
2026-05-31,ITEM_07,28.0,Card,COMPLETED
2026-05-31,ITEM_08,30.0,Card,COMPLETED
2026-06-01,ITEM_01,88.0,Card,COMPLETED
2026-06-01,ITEM_02,30.0,Card,COMPLETED
2026-06-01,ITEM_03,35.0,Card,COMPLETED
2026-06-01,ITEM_04,47.0,Card,COMPLETED
2026-06-01,ITEM_05,61.0,Card,COMPLETED
2026-06-01,ITEM_06,10.0,Card,COMPLETED
2026-06-01,ITEM_07,24.0,Cash,COMPLETED
2026-06-01,ITEM_08,28.0,Card,COMPLETED
2026-06-02,ITEM_01,82.0,Card,COMPLETED
2026-06-02,ITEM_02,36.0,Card,COMPLETED
2026-06-02,ITEM_03,36.0,Card,COMPLETED
2026-06-02,ITEM_04,56.0,Card,COMPLETED
2026-06-02,ITEM_05,69.0,Cash,COMPLETED
2026-06-02,ITEM_06,15.0,Cash,COMPLETED
2026-06-02,ITEM_07,25.0,Card,COMPLETED
2026-06-02,ITEM_08,39.0,Card,COMPLETED
2026-06-03,ITEM_01,81.0,Card,COMPLETED
2026-06-03,ITEM_02,37.0,Card,COMPLETED
2026-06-03,ITEM_03,42.0,Card,COMPLETED
2026-06-03,ITEM_04,40.0,Card,COMPLETED
2026-06-03,ITEM_05,61.0,Cash,COMPLETED
2026-06-03,ITEM_06,17.0,Card,COMPLETED
2026-06-03,ITEM_07,29.0,Card,COMPLETED
2026-06-03,ITEM_08,24.0,Card,COMPLETED
2026-06-04,ITEM_01,84.0,Card,COMPLETED
2026-06-04,ITEM_02,42.0,Card,COMPLETED
2026-06-04,ITEM_03,33.0,Card,COMPLETED
2026-06-04,ITEM_04,53.0,Card,COMPLETED
2026-06-04,ITEM_05,51.0,Card,COMPLETED
2026-06-04,ITEM_06,12.0,Card,COMPLETED
2026-06-04,ITEM_07,22.0,Card,COMPLETED
2026-06-04,ITEM_08,40.0,Cash,COMPLETED
2026-06-05,ITEM_01,80.0,Card,COMPLETED
2026-06-05,ITEM_02,43.0,Card,COMPLETED
2026-06-05,ITEM_03,26.0,Card,COMPLETED
2026-06-05,ITEM_04,44.0,Cash,COMPLETED
2026-06-05,ITEM_05,61.0,Card,COMPLETED
2026-06-05,ITEM_06,17.0,Cash,COMPLETED
2026-06-05,ITEM_07,27.0,Card,COMPLETED
2026-06-05,ITEM_08,35.0,Card,COMPLETED
2026-06-06,ITEM_01,107.0,Cash,COMPLETED
2026-06-06,ITEM_02,51.0,Cash,COMPLETED
2026-06-06,ITEM_03,46.0,Card,COMPLETED
2026-06-06,ITEM_04,66.0,Card,COMPLETED
2026-06-06,ITEM_05,83.0,Card,COMPLETED
2026-06-06,ITEM_06,30.0,Card,COMPLETED
2026-06-06,ITEM_07,22.0,Cash,COMPLETED
2026-06-06,ITEM_08,34.0,Card,COMPLETED
2026-06-07,ITEM_01,104.0,Cash,COMPLETED
2026-06-07,ITEM_02,49.0,Card,COMPLETED
2026-06-07,ITEM_03,51.0,Card,COMPLETED
2026-06-07,ITEM_04,60.0,Card,COMPLETED
2026-06-07,ITEM_05,76.0,Card,COMPLETED
2026-06-07,ITEM_06,20.0,Cash,COMPLETED
2026-06-07,ITEM_07,36.0,Card,COMPLETED
2026-06-07,ITEM_08,42.0,Card,COMPLETED
2026-06-08,ITEM_01,83.0,Card,COMPLETED
2026-06-08,ITEM_02,38.0,Card,COMPLETED
2026-06-08,ITEM_03,3.0,Card,COMPLETED
2026-06-08,ITEM_04,52.0,Card,COMPLETED
2026-06-08,ITEM_05,63.0,Cash,COMPLETED
2026-06-08,ITEM_06,13.0,Card,COMPLETED
2026-06-08,ITEM_07,33.0,Card,COMPLETED
2026-06-08,ITEM_08,25.0,Card,COMPLETED
2026-06-09,ITEM_01,91.0,Cash,COMPLETED
2026-06-09,ITEM_02,36.0,Card,COMPLETED
2026-06-09,ITEM_03,36.0,Card,COMPLETED
2026-06-09,ITEM_04,50.0,Card,COMPLETED
2026-06-09,ITEM_05,65.0,Card,COMPLETED
2026-06-09,ITEM_06,23.0,Cash,COMPLETED
2026-06-09,ITEM_07,18.0,Cash,COMPLETED
2026-06-09,ITEM_08,24.0,Card,COMPLETED
2026-06-10,ITEM_01,86.0,Cash,COMPLETED
2026-06-10,ITEM_02,40.0,Card,COMPLETED
2026-06-10,ITEM_03,39.0,Cash,COMPLETED
2026-06-10,ITEM_04,61.0,Card,COMPLETED
2026-06-10,ITEM_05,53.0,Card,COMPLETED
2026-06-10,ITEM_06,14.0,Card,COMPLETED
2026-06-10,ITEM_07,27.0,Card,COMPLETED
2026-06-10,ITEM_08,36.0,Cash,COMPLETED
2026-06-11,ITEM_01,89.0,Card,COMPLETED
2026-06-11,ITEM_02,40.0,Card,COMPLETED
2026-06-11,ITEM_03,35.0,Cash,COMPLETED
2026-06-11,ITEM_04,46.0,Card,COMPLETED
2026-06-11,ITEM_05,63.0,Card,COMPLETED
2026-06-11,ITEM_06,15.0,Card,COMPLETED
2026-06-11,ITEM_07,19.0,Card,COMPLETED
2026-06-11,ITEM_08,25.0,Cash,COMPLETED
2026-06-12,ITEM_01,73.0,Card,COMPLETED
2026-06-12,ITEM_02,3.0,Card,COMPLETED
2026-06-12,ITEM_03,29.0,Cash,COMPLETED
2026-06-12,ITEM_04,-48.0,Card,INVALID_QTY
2026-06-12,ITEM_05,55.0,Cash,COMPLETED
2026-06-12,ITEM_06,12.0,Card,COMPLETED
2026-06-12,ITEM_07,27.0,Card,COMPLETED
2026-06-12,ITEM_08,23.0,Card,COMPLETED
2026-06-13,ITEM_01,107.0,Card,COMPLETED
2026-06-13,ITEM_02,48.0,Card,COMPLETED
2026-06-13,ITEM_03,39.0,Card,COMPLETED
2026-06-13,ITEM_04,61.0,Card,COMPLETED
2026-06-13,ITEM_05,75.0,Card,COMPLETED
2026-06-13,ITEM_06,23.0,Card,COMPLETED
2026-06-13,ITEM_07,35.0,Card,COMPLETED
2026-06-13,ITEM_08,40.0,Card,COMPLETED
2026-06-14,ITEM_01,108.0,Card,COMPLETED
2026-06-14,ITEM_02,61.0,Cash,COMPLETED
2026-06-14,ITEM_03,48.0,Cash,COMPLETED
2026-06-14,ITEM_04,64.0,Card,COMPLETED
2026-06-14,ITEM_05,74.0,Card,COMPLETED
2026-06-14,ITEM_06,13.0,Card,COMPLETED
2026-06-14,ITEM_07,34.0,Card,COMPLETED
2026-06-14,ITEM_08,32.0,Cash,COMPLETED
2026-06-15,ITEM_01,89.0,Card,COMPLETED
2026-06-15,ITEM_02,42.0,Card,COMPLETED
2026-06-15,ITEM_03,32.0,Card,COMPLETED
2026-06-15,ITEM_04,40.0,Cash,COMPLETED
2026-06-15,ITEM_05,58.0,Card,COMPLETED
2026-06-15,ITEM_06,21.0,Card,COMPLETED
2026-06-15,ITEM_07,33.0,Card,COMPLETED
2026-06-15,ITEM_08,29.0,Card,COMPLETED
2026-06-16,ITEM_01,84.0,Cash,COMPLETED
2026-06-16,ITEM_02,35.0,Card,COMPLETED
2026-06-16,ITEM_03,44.0,Card,COMPLETED
2026-06-16,ITEM_04,50.0,Card,COMPLETED
2026-06-16,ITEM_05,73.0,Card,COMPLETED
2026-06-16,ITEM_06,16.0,Card,COMPLETED
2026-06-16,ITEM_07,28.0,Card,COMPLETED
2026-06-16,ITEM_08,46.0,Card,COMPLETED
2026-06-17,ITEM_01,83.0,Cash,COMPLETED
2026-06-17,ITEM_02,42.0,Card,COMPLETED
2026-06-17,ITEM_03,34.0,Card,COMPLETED
2026-06-17,ITEM_04,46.0,Cash,COMPLETED
2026-06-17,ITEM_05,61.0,Card,COMPLETED
2026-06-17,ITEM_06,11.0,Card,COMPLETED
2026-06-17,ITEM_07,24.0,Card,COMPLETED
2026-06-17,ITEM_08,28.0,Card,COMPLETED
2026-06-18,ITEM_01,89.0,Cash,COMPLETED
2026-06-18,ITEM_02,41.0,Card,COMPLETED
2026-06-18,ITEM_03,33.0,Cash,COMPLETED
2026-06-18,ITEM_04,41.0,Card,COMPLETED
2026-06-18,ITEM_05,61.0,Card,COMPLETED
2026-06-18,ITEM_06,17.0,Card,COMPLETED
2026-06-18,ITEM_07,24.0,Card,COMPLETED
2026-06-18,ITEM_08,38.0,Card,COMPLETED
2026-06-19,ITEM_01,90.0,Card,COMPLETED
2026-06-19,ITEM_02,42.0,Card,COMPLETED
2026-06-19,ITEM_03,38.0,Card,COMPLETED
2026-06-19,ITEM_04,58.0,Card,COMPLETED
2026-06-19,ITEM_05,76.0,Card,COMPLETED
2026-06-19,ITEM_06,18.0,Card,COMPLETED
2026-06-19,ITEM_07,20.0,Card,COMPLETED
2026-06-19,ITEM_08,27.0,Card,COMPLETED
2026-06-20,ITEM_01,,Card,CORRUPTED
2026-06-20,ITEM_02,56.0,Card,COMPLETED
2026-06-20,ITEM_03,45.0,Card,COMPLETED
2026-06-20,ITEM_04,67.0,Cash,COMPLETED
2026-06-20,ITEM_05,80.0,Card,COMPLETED
2026-06-20,ITEM_06,25.0,Card,COMPLETED
2026-06-20,ITEM_07,35.0,Card,COMPLETED
2026-06-20,ITEM_08,34.0,Card,COMPLETED
2026-06-21,ITEM_01,107.0,Card,COMPLETED
2026-06-21,ITEM_02,52.0,Card,COMPLETED
2026-06-21,ITEM_03,47.0,Card,COMPLETED
2026-06-21,ITEM_04,66.0,Card,COMPLETED
2026-06-21,ITEM_05,77.0,Card,COMPLETED
2026-06-21,ITEM_06,22.0,Card,COMPLETED
2026-06-21,ITEM_07,28.0,Card,COMPLETED
2026-06-21,ITEM_08,50.0,Card,COMPLETED
2026-06-22,ITEM_01,8.0,Card,COMPLETED
2026-06-22,ITEM_02,37.0,Card,COMPLETED
2026-06-22,ITEM_03,33.0,Card,COMPLETED
2026-06-22,ITEM_04,50.0,Cash,COMPLETED
2026-06-22,ITEM_05,51.0,Card,COMPLETED
2026-06-22,ITEM_06,18.0,Card,COMPLETED
2026-06-22,ITEM_07,19.0,Card,COMPLETED
2026-06-22,ITEM_08,31.0,Card,COMPLETED
2026-06-23,ITEM_01,-88.0,Card,INVALID_QTY
2026-06-23,ITEM_02,34.0,Card,COMPLETED
2026-06-23,ITEM_03,29.0,Card,COMPLETED
2026-06-23,ITEM_04,44.0,Cash,COMPLETED
2026-06-23,ITEM_05,59.0,Card,COMPLETED
2026-06-23,ITEM_06,17.0,Card,COMPLETED
2026-06-23,ITEM_07,17.0,Card,COMPLETED
2026-06-23,ITEM_08,28.0,Card,COMPLETED
2026-06-24,ITEM_01,86.0,Card,COMPLETED
2026-06-24,ITEM_02,37.0,Card,COMPLETED
2026-06-24,ITEM_03,33.0,Card,COMPLETED
2026-06-24,ITEM_04,42.0,Card,COMPLETED
2026-06-24,ITEM_05,62.0,Card,COMPLETED
2026-06-24,ITEM_06,20.0,Card,COMPLETED
2026-06-24,ITEM_07,29.0,Card,COMPLETED
2026-06-24,ITEM_08,34.0,Card,COMPLETED
2026-06-25,ITEM_01,77.0,Card,COMPLETED
2026-06-25,ITEM_02,39.0,Card,COMPLETED
2026-06-25,ITEM_03,38.0,Card,COMPLETED
2026-06-25,ITEM_04,48.0,Card,COMPLETED
2026-06-25,ITEM_05,61.0,Cash,COMPLETED
2026-06-25,ITEM_06,12.0,Card,COMPLETED
2026-06-25,ITEM_07,22.0,Card,COMPLETED
2026-06-25,ITEM_08,26.0,Card,COMPLETED
2026-06-26,ITEM_01,85.0,Card,COMPLETED
2026-06-26,ITEM_02,33.0,Card,COMPLETED
2026-06-26,ITEM_03,30.0,Card,COMPLETED
2026-06-26,ITEM_04,54.0,Card,COMPLETED
2026-06-26,ITEM_05,55.0,Card,COMPLETED
2026-06-26,ITEM_06,12.0,Card,COMPLETED
2026-06-26,ITEM_07,24.0,Card,COMPLETED
2026-06-26,ITEM_08,27.0,Card,COMPLETED
2026-06-27,ITEM_01,119.0,Card,COMPLETED
2026-06-27,ITEM_02,4.0,Card,COMPLETED
2026-06-27,ITEM_03,47.0,Card,COMPLETED
2026-06-27,ITEM_04,68.0,Cash,COMPLETED
2026-06-27,ITEM_05,82.0,Cash,COMPLETED
2026-06-27,ITEM_06,23.0,Cash,COMPLETED
2026-06-27,ITEM_07,20.0,Cash,COMPLETED
2026-06-27,ITEM_08,43.0,Card,COMPLETED
2026-06-28,ITEM_01,11.0,Card,COMPLETED
2026-06-28,ITEM_02,51.0,Cash,COMPLETED
2026-06-28,ITEM_03,36.0,Card,COMPLETED
2026-06-28,ITEM_04,69.0,Cash,COMPLETED
2026-06-28,ITEM_05,83.0,Card,COMPLETED
2026-06-28,ITEM_06,17.0,Card,COMPLETED
2026-06-28,ITEM_07,33.0,Card,COMPLETED
2026-06-28,ITEM_08,42.0,Card,COMPLETED
2026-06-29,ITEM_01,89.0,Card,COMPLETED
2026-06-29,ITEM_02,43.0,Card,COMPLETED
2026-06-29,ITEM_03,30.0,Card,COMPLETED
2026-06-29,ITEM_04,51.0,Card,COMPLETED
2026-06-29,ITEM_05,60.0,Card,COMPLETED
2026-06-29,ITEM_06,21.0,Card,COMPLETED
2026-06-29,ITEM_07,20.0,Card,COMPLETED
2026-06-29,ITEM_08,29.0,Cash,COMPLETED
2026-06-30,ITEM_01,88.0,Card,COMPLETED
2026-06-30,ITEM_02,37.0,Cash,COMPLETED
2026-06-30,ITEM_03,31.0,Card,COMPLETED
2026-06-30,ITEM_04,53.0,Card,COMPLETED
2026-06-30,ITEM_05,65.0,Card,COMPLETED
2026-06-30,ITEM_06,17.0,Cash,COMPLETED
2026-06-30,ITEM_07,16.0,Card,COMPLETED
2026-06-30,ITEM_08,35.0,Cash,COMPLETED
2026-07-01,ITEM_01,80.0,Card,COMPLETED
2026-07-01,ITEM_02,38.0,Cash,COMPLETED
2026-07-01,ITEM_03,36.0,Card,COMPLETED
2026-07-01,ITEM_04,50.0,Cash,COMPLETED
2026-07-01,ITEM_05,63.0,Card,COMPLETED
2026-07-01,ITEM_06,20.0,Card,COMPLETED
2026-07-01,ITEM_07,25.0,Card,COMPLETED
2026-07-01,ITEM_08,31.0,Card,COMPLETED
2026-07-02,ITEM_01,78.0,Card,COMPLETED
2026-07-02,ITEM_02,40.0,Card,COMPLETED
2026-07-02,ITEM_03,22.0,Card,COMPLETED
2026-07-02,ITEM_04,44.0,Cash,COMPLETED
2026-07-02,ITEM_05,65.0,Card,COMPLETED
2026-07-02,ITEM_06,15.0,Cash,COMPLETED
2026-07-02,ITEM_07,27.0,Cash,COMPLETED
2026-07-02,ITEM_08,35.0,Cash,COMPLETED
2026-07-03,ITEM_01,75.0,Card,COMPLETED
2026-07-03,ITEM_02,48.0,Card,COMPLETED
2026-07-03,ITEM_03,41.0,Card,COMPLETED
2026-07-03,ITEM_04,48.0,Card,COMPLETED
2026-07-03,ITEM_05,58.0,Card,COMPLETED
2026-07-03,ITEM_06,15.0,Card,COMPLETED
2026-07-03,ITEM_07,13.0,Card,COMPLETED
2026-07-03,ITEM_08,26.0,Card,COMPLETED
2026-07-04,ITEM_01,103.0,Card,COMPLETED
2026-07-04,ITEM_02,50.0,Card,COMPLETED
2026-07-04,ITEM_03,50.0,Card,COMPLETED
2026-07-04,ITEM_04,66.0,Card,COMPLETED
2026-07-04,ITEM_05,74.0,Card,COMPLETED
2026-07-04,ITEM_06,16.0,Card,COMPLETED
2026-07-04,ITEM_07,31.0,Card,COMPLETED
2026-07-04,ITEM_08,30.0,Card,COMPLETED
2026-07-05,ITEM_01,115.0,Cash,COMPLETED
2026-07-05,ITEM_02,53.0,Card,COMPLETED
2026-07-05,ITEM_03,43.0,Card,COMPLETED
2026-07-05,ITEM_04,64.0,Card,COMPLETED
2026-07-05,ITEM_05,79.0,Cash,COMPLETED
2026-07-05,ITEM_06,11.0,Card,COMPLETED
2026-07-05,ITEM_07,36.0,Cash,COMPLETED
2026-07-05,ITEM_08,38.0,Card,COMPLETED
2026-07-06,ITEM_01,81.0,Card,COMPLETED
2026-07-06,ITEM_02,48.0,Cash,COMPLETED
2026-07-06,ITEM_03,32.0,Card,COMPLETED
2026-07-06,ITEM_04,50.0,Card,COMPLETED
2026-07-06,ITEM_05,62.0,Card,COMPLETED
2026-07-06,ITEM_06,16.0,Card,COMPLETED
2026-07-06,ITEM_07,23.0,Card,COMPLETED
2026-07-06,ITEM_08,26.0,Card,COMPLETED
2026-07-07,ITEM_01,80.0,Card,COMPLETED
2026-07-07,ITEM_02,47.0,Card,COMPLETED
2026-07-07,ITEM_03,31.0,Card,COMPLETED
2026-07-07,ITEM_04,48.0,Card,COMPLETED
2026-07-07,ITEM_05,59.0,Cash,COMPLETED
2026-07-07,ITEM_06,17.0,Card,COMPLETED
2026-07-07,ITEM_07,27.0,Card,COMPLETED
2026-07-07,ITEM_08,28.0,Card,COMPLETED
2026-07-08,ITEM_01,82.0,Card,COMPLETED
2026-07-08,ITEM_02,40.0,Card,COMPLETED
2026-07-08,ITEM_03,35.0,Card,COMPLETED
2026-07-08,ITEM_04,54.0,Card,COMPLETED
2026-07-08,ITEM_05,64.0,Cash,COMPLETED
2026-07-08,ITEM_06,19.0,Cash,COMPLETED
2026-07-08,ITEM_07,29.0,Card,COMPLETED
2026-07-08,ITEM_08,2.0,Cash,COMPLETED
2026-07-09,ITEM_01,77.0,Card,COMPLETED
2026-07-09,ITEM_02,39.0,Card,COMPLETED
2026-07-09,ITEM_03,34.0,Cash,COMPLETED
2026-07-09,ITEM_04,-54.0,Card,INVALID_QTY
2026-07-09,ITEM_05,61.0,Cash,COMPLETED
2026-07-09,ITEM_06,21.0,Card,COMPLETED
2026-07-09,ITEM_07,36.0,Card,COMPLETED
2026-07-09,ITEM_08,29.0,Card,COMPLETED
2026-07-10,ITEM_01,86.0,Card,COMPLETED
2026-07-10,ITEM_02,43.0,Card,COMPLETED
2026-07-10,ITEM_03,43.0,Card,COMPLETED
2026-07-10,ITEM_04,46.0,Cash,COMPLETED
2026-07-10,ITEM_05,51.0,Card,COMPLETED
2026-07-10,ITEM_06,24.0,Card,COMPLETED
2026-07-10,ITEM_07,35.0,Card,COMPLETED
2026-07-10,ITEM_08,27.0,Card,COMPLETED
2026-07-11,ITEM_01,111.0,Card,COMPLETED
2026-07-11,ITEM_02,46.0,Card,COMPLETED
2026-07-11,ITEM_03,39.0,Card,COMPLETED
2026-07-11,ITEM_04,69.0,Cash,COMPLETED
2026-07-11,ITEM_05,80.0,Card,COMPLETED
2026-07-11,ITEM_06,19.0,Card,COMPLETED
2026-07-11,ITEM_07,34.0,Card,COMPLETED
2026-07-11,ITEM_08,31.0,Card,COMPLETED
2026-07-12,ITEM_01,105.0,Card,COMPLETED
2026-07-12,ITEM_02,56.0,Card,COMPLETED
2026-07-12,ITEM_03,40.0,Card,COMPLETED
2026-07-12,ITEM_04,65.0,Card,COMPLETED
2026-07-12,ITEM_05,78.0,Cash,COMPLETED
2026-07-12,ITEM_06,15.0,Card,COMPLETED
2026-07-12,ITEM_07,26.0,Card,COMPLETED
2026-07-12,ITEM_08,34.0,Card,COMPLETED
2026-07-13,ITEM_01,83.0,Cash,COMPLETED
2026-07-13,ITEM_02,39.0,Card,COMPLETED
2026-07-13,ITEM_03,32.0,Card,COMPLETED
2026-07-13,ITEM_04,39.0,Card,COMPLETED
2026-07-13,ITEM_05,64.0,Card,COMPLETED
2026-07-13,ITEM_06,19.0,Card,COMPLETED
2026-07-13,ITEM_07,20.0,Card,COMPLETED
2026-07-13,ITEM_08,30.0,Cash,COMPLETED
2026-07-14,ITEM_01,80.0,Card,COMPLETED
2026-07-14,ITEM_02,34.0,Cash,COMPLETED
2026-07-14,ITEM_03,36.0,Card,COMPLETED
2026-07-14,ITEM_04,55.0,Card,COMPLETED
2026-07-14,ITEM_05,59.0,Card,COMPLETED
2026-07-14,ITEM_06,19.0,Card,COMPLETED
2026-07-14,ITEM_07,22.0,Cash,COMPLETED
2026-07-14,ITEM_08,33.0,Cash,COMPLETED
2026-07-15,ITEM_01,88.0,Card,COMPLETED
2026-07-15,ITEM_02,43.0,Cash,COMPLETED
2026-07-15,ITEM_03,43.0,Cash,COMPLETED
2026-07-15,ITEM_04,5.0,Card,COMPLETED
2026-07-15,ITEM_05,56.0,Card,COMPLETED
2026-07-15,ITEM_06,13.0,Card,COMPLETED
2026-07-15,ITEM_07,28.0,Card,COMPLETED
2026-07-15,ITEM_08,32.0,Card,COMPLETED
2026-07-16,ITEM_01,92.0,Cash,COMPLETED
2026-07-16,ITEM_02,36.0,Card,COMPLETED
2026-07-16,ITEM_03,3.0,Cash,COMPLETED
2026-07-16,ITEM_04,48.0,Card,COMPLETED
2026-07-16,ITEM_05,58.0,Card,COMPLETED
2026-07-16,ITEM_06,13.0,Cash,COMPLETED
2026-07-16,ITEM_07,29.0,Cash,COMPLETED
2026-07-16,ITEM_08,34.0,Card,COMPLETED
2026-07-17,ITEM_01,98.0,Card,COMPLETED
2026-07-17,ITEM_02,40.0,Card,COMPLETED
2026-07-17,ITEM_03,35.0,Card,COMPLETED
2026-07-17,ITEM_04,49.0,Cash,COMPLETED
2026-07-17,ITEM_05,55.0,Card,COMPLETED
2026-07-17,ITEM_06,22.0,Card,COMPLETED
2026-07-17,ITEM_07,22.0,Cash,COMPLETED
2026-07-17,ITEM_08,31.0,Card,COMPLETED
2026-07-18,ITEM_01,107.0,Card,COMPLETED
2026-07-18,ITEM_02,42.0,Card,COMPLETED
2026-07-18,ITEM_03,48.0,Cash,COMPLETED
2026-07-18,ITEM_04,62.0,Card,COMPLETED
2026-07-18,ITEM_05,78.0,Card,COMPLETED
2026-07-18,ITEM_06,25.0,Cash,COMPLETED
2026-07-18,ITEM_07,34.0,Card,COMPLETED
2026-07-18,ITEM_08,3.0,Cash,COMPLETED
2026-07-19,ITEM_01,-111.0,Card,INVALID_QTY
2026-07-19,ITEM_02,52.0,Card,COMPLETED
2026-07-19,ITEM_03,41.0,Cash,COMPLETED
2026-07-19,ITEM_04,69.0,Card,COMPLETED
2026-07-19,ITEM_05,83.0,Card,COMPLETED
2026-07-19,ITEM_06,15.0,Cash,COMPLETED
2026-07-19,ITEM_07,27.0,Card,COMPLETED
2026-07-19,ITEM_08,49.0,Cash,COMPLETED
2026-07-20,ITEM_01,94.0,Card,COMPLETED
2026-07-20,ITEM_02,37.0,Card,COMPLETED
2026-07-20,ITEM_03,42.0,Card,COMPLETED
2026-07-20,ITEM_04,52.0,Card,COMPLETED
2026-07-20,ITEM_05,65.0,Card,COMPLETED
2026-07-20,ITEM_06,14.0,Card,COMPLETED
2026-07-20,ITEM_07,20.0,Card,COMPLETED
2026-07-20,ITEM_08,30.0,Card,COMPLETED
2026-07-21,ITEM_01,86.0,Card,COMPLETED
2026-07-21,ITEM_02,38.0,Card,COMPLETED
2026-07-21,ITEM_03,35.0,Card,COMPLETED
2026-07-21,ITEM_04,52.0,Card,COMPLETED
2026-07-21,ITEM_05,64.0,Card,COMPLETED
2026-07-21,ITEM_06,,Card,CORRUPTED
2026-07-21,ITEM_07,29.0,Card,COMPLETED
2026-07-21,ITEM_08,35.0,Card,COMPLETED
2026-07-22,ITEM_01,88.0,Card,COMPLETED
2026-07-22,ITEM_02,31.0,Card,COMPLETED
2026-07-22,ITEM_03,41.0,Card,COMPLETED
2026-07-22,ITEM_04,56.0,Card,COMPLETED
2026-07-22,ITEM_05,56.0,Cash,COMPLETED
2026-07-22,ITEM_06,14.0,Cash,COMPLETED
2026-07-22,ITEM_07,22.0,Card,COMPLETED
2026-07-22,ITEM_08,33.0,Card,COMPLETED
2026-07-23,ITEM_01,83.0,Cash,COMPLETED
2026-07-23,ITEM_02,37.0,Cash,COMPLETED
2026-07-23,ITEM_03,27.0,Cash,COMPLETED
2026-07-23,ITEM_04,45.0,Card,COMPLETED
2026-07-23,ITEM_05,57.0,Card,COMPLETED
2026-07-23,ITEM_06,11.0,Card,COMPLETED
2026-07-23,ITEM_07,23.0,Cash,COMPLETED
2026-07-23,ITEM_08,29.0,Card,COMPLETED
2026-07-24,ITEM_01,85.0,Card,COMPLETED
2026-07-24,ITEM_02,30.0,Card,COMPLETED
2026-07-24,ITEM_03,38.0,Cash,COMPLETED
2026-07-24,ITEM_04,52.0,Card,COMPLETED
2026-07-24,ITEM_05,6.0,Card,COMPLETED
2026-07-24,ITEM_06,21.0,Card,COMPLETED
2026-07-24,ITEM_07,24.0,Cash,COMPLETED
2026-07-24,ITEM_08,29.0,Cash,COMPLETED
2026-07-25,ITEM_01,104.0,Cash,COMPLETED
2026-07-25,ITEM_02,48.0,Card,COMPLETED
2026-07-25,ITEM_03,46.0,Card,COMPLETED
2026-07-25,ITEM_04,64.0,Card,COMPLETED
2026-07-25,ITEM_05,73.0,Card,COMPLETED
2026-07-25,ITEM_06,18.0,Cash,COMPLETED
2026-07-25,ITEM_07,40.0,Card,COMPLETED
2026-07-25,ITEM_08,39.0,Cash,COMPLETED
2026-07-26,ITEM_01,108.0,Card,COMPLETED
2026-07-26,ITEM_02,49.0,Cash,COMPLETED
2026-07-26,ITEM_03,44.0,Cash,COMPLETED
2026-07-26,ITEM_04,64.0,Card,COMPLETED
2026-07-26,ITEM_05,76.0,Card,COMPLETED
2026-07-26,ITEM_06,20.0,Card,COMPLETED
2026-07-26,ITEM_07,37.0,Card,COMPLETED
2026-07-26,ITEM_08,44.0,Card,COMPLETED
2026-07-27,ITEM_01,80.0,Card,COMPLETED
2026-07-27,ITEM_02,36.0,Cash,COMPLETED
2026-07-27,ITEM_03,37.0,Card,COMPLETED
2026-07-27,ITEM_04,51.0,Card,COMPLETED
2026-07-27,ITEM_05,63.0,Card,COMPLETED
2026-07-27,ITEM_06,17.0,Cash,COMPLETED
2026-07-27,ITEM_07,29.0,Card,COMPLETED
2026-07-27,ITEM_08,28.0,Card,COMPLETED
2026-07-28,ITEM_01,91.0,Card,COMPLETED
2026-07-28,ITEM_02,32.0,Card,COMPLETED
2026-07-28,ITEM_03,43.0,Card,COMPLETED
2026-07-28,ITEM_04,52.0,Card,COMPLETED
2026-07-28,ITEM_05,66.0,Card,COMPLETED
2026-07-28,ITEM_06,17.0,Cash,COMPLETED
2026-07-28,ITEM_07,28.0,Cash,COMPLETED
2026-07-28,ITEM_08,36.0,Card,COMPLETED
2026-07-29,ITEM_01,87.0,Card,COMPLETED
2026-07-29,ITEM_02,39.0,Card,COMPLETED
2026-07-29,ITEM_03,26.0,Cash,COMPLETED
2026-07-29,ITEM_04,54.0,Card,COMPLETED
2026-07-29,ITEM_05,6.0,Card,COMPLETED
2026-07-29,ITEM_06,14.0,Cash,COMPLETED
2026-07-29,ITEM_07,29.0,Card,COMPLETED
2026-07-29,ITEM_08,30.0,Card,COMPLETED
2026-07-30,ITEM_01,93.0,Cash,COMPLETED
2026-07-30,ITEM_02,44.0,Card,COMPLETED
2026-07-30,ITEM_03,37.0,Card,COMPLETED
2026-07-30,ITEM_04,53.0,Card,COMPLETED
2026-07-30,ITEM_05,62.0,Card,COMPLETED
2026-07-30,ITEM_06,22.0,Card,COMPLETED
2026-07-30,ITEM_07,25.0,Card,COMPLETED
2026-07-30,ITEM_08,31.0,Card,COMPLETED
2026-07-31,ITEM_01,85.0,Card,COMPLETED
2026-07-31,ITEM_02,30.0,Card,COMPLETED
2026-07-31,ITEM_03,37.0,Cash,COMPLETED
2026-07-31,ITEM_04,,Card,CORRUPTED
2026-07-31,ITEM_05,58.0,Card,COMPLETED
2026-07-31,ITEM_06,11.0,Cash,COMPLETED
2026-07-31,ITEM_07,23.0,Cash,COMPLETED
2026-07-31,ITEM_08,22.0,Card,COMPLETED
2026-08-01,ITEM_01,109.0,Cash,COMPLETED
2026-08-01,ITEM_02,48.0,Card,COMPLETED
2026-08-01,ITEM_03,43.0,Card,COMPLETED
2026-08-01,ITEM_04,60.0,Cash,COMPLETED
2026-08-01,ITEM_05,78.0,Card,COMPLETED
2026-08-01,ITEM_06,12.0,Cash,COMPLETED
2026-08-01,ITEM_07,-25.0,Card,INVALID_QTY
2026-08-01,ITEM_08,,Card,CORRUPTED
2026-08-02,ITEM_01,108.0,Card,COMPLETED
2026-08-02,ITEM_02,51.0,Card,COMPLETED
2026-08-02,ITEM_03,42.0,Card,COMPLETED
2026-08-02,ITEM_04,-66.0,Card,INVALID_QTY
2026-08-02,ITEM_05,76.0,Card,COMPLETED
2026-08-02,ITEM_06,12.0,Card,COMPLETED
2026-08-02,ITEM_07,32.0,Card,COMPLETED
2026-08-02,ITEM_08,33.0,Card,COMPLETED
2026-08-03,ITEM_01,87.0,Card,COMPLETED
2026-08-03,ITEM_02,38.0,Card,COMPLETED
2026-08-03,ITEM_03,29.0,Card,COMPLETED
2026-08-03,ITEM_04,51.0,Cash,COMPLETED
2026-08-03,ITEM_05,63.0,Card,COMPLETED
2026-08-03,ITEM_06,15.0,Card,COMPLETED
2026-08-03,ITEM_07,3.0,Card,COMPLETED
2026-08-03,ITEM_08,3.0,Card,COMPLETED
2026-08-04,ITEM_01,83.0,Card,COMPLETED
2026-08-04,ITEM_02,4.0,Card,COMPLETED
2026-08-04,ITEM_03,30.0,Cash,COMPLETED
2026-08-04,ITEM_04,57.0,Card,COMPLETED
2026-08-04,ITEM_05,63.0,Card,COMPLETED
2026-08-04,ITEM_06,9.0,Card,COMPLETED
2026-08-04,ITEM_07,27.0,Card,COMPLETED
2026-08-04,ITEM_08,34.0,Cash,COMPLETED
2026-08-05,ITEM_01,79.0,Card,COMPLETED
2026-08-05,ITEM_02,44.0,Card,COMPLETED
2026-08-05,ITEM_03,-31.0,Card,INVALID_QTY
2026-08-05,ITEM_04,48.0,Cash,COMPLETED
2026-08-05,ITEM_05,45.0,Card,COMPLETED
2026-08-05,ITEM_06,13.0,Cash,COMPLETED
2026-08-05,ITEM_07,24.0,Card,COMPLETED
2026-08-05,ITEM_08,17.0,Card,COMPLETED
2026-08-06,ITEM_01,86.0,Card,COMPLETED
2026-08-06,ITEM_02,40.0,Cash,COMPLETED
2026-08-06,ITEM_03,30.0,Cash,COMPLETED
2026-08-06,ITEM_04,48.0,Cash,COMPLETED
2026-08-06,ITEM_05,63.0,Card,COMPLETED
2026-08-06,ITEM_06,10.0,Card,COMPLETED
2026-08-06,ITEM_07,25.0,Card,COMPLETED
2026-08-06,ITEM_08,38.0,Cash,COMPLETED
2026-08-07,ITEM_01,84.0,Cash,COMPLETED
2026-08-07,ITEM_02,42.0,Card,COMPLETED
2026-08-07,ITEM_03,30.0,Card,COMPLETED
2026-08-07,ITEM_04,47.0,Cash,COMPLETED
2026-08-07,ITEM_05,55.0,Card,COMPLETED
2026-08-07,ITEM_06,7.0,Cash,COMPLETED
2026-08-07,ITEM_07,28.0,Card,COMPLETED
2026-08-07,ITEM_08,,Card,CORRUPTED
2026-08-08,ITEM_01,114.0,Card,COMPLETED
2026-08-08,ITEM_02,52.0,Card,COMPLETED
2026-08-08,ITEM_03,44.0,Card,COMPLETED
2026-08-08,ITEM_04,64.0,Cash,COMPLETED
2026-08-08,ITEM_05,75.0,Cash,COMPLETED
2026-08-08,ITEM_06,14.0,Card,COMPLETED
2026-08-08,ITEM_07,25.0,Card,COMPLETED
2026-08-08,ITEM_08,46.0,Cash,COMPLETED
2026-08-09,ITEM_01,107.0,Card,COMPLETED
2026-08-09,ITEM_02,53.0,Card,COMPLETED
2026-08-09,ITEM_03,54.0,Card,COMPLETED
2026-08-09,ITEM_04,62.0,Card,COMPLETED
2026-08-09,ITEM_05,76.0,Card,COMPLETED
2026-08-09,ITEM_06,22.0,Cash,COMPLETED
2026-08-09,ITEM_07,33.0,Card,COMPLETED
2026-08-09,ITEM_08,32.0,Cash,COMPLETED
2026-08-10,ITEM_01,81.0,Cash,COMPLETED
2026-08-10,ITEM_02,40.0,Cash,COMPLETED
2026-08-10,ITEM_03,31.0,Card,COMPLETED
2026-08-10,ITEM_04,49.0,Cash,COMPLETED
2026-08-10,ITEM_05,63.0,Card,COMPLETED
2026-08-10,ITEM_06,9.0,Card,COMPLETED
2026-08-10,ITEM_07,30.0,Card,COMPLETED
2026-08-10,ITEM_08,30.0,Cash,COMPLETED
2026-08-11,ITEM_01,83.0,Card,COMPLETED
2026-08-11,ITEM_02,37.0,Card,COMPLETED
2026-08-11,ITEM_03,31.0,Card,COMPLETED
2026-08-11,ITEM_04,46.0,Card,COMPLETED
2026-08-11,ITEM_05,60.0,Card,COMPLETED
2026-08-11,ITEM_06,13.0,Card,COMPLETED
2026-08-11,ITEM_07,24.0,Card,COMPLETED
2026-08-11,ITEM_08,36.0,Card,COMPLETED
2026-08-12,ITEM_01,84.0,Card,COMPLETED
2026-08-12,ITEM_02,38.0,Card,COMPLETED
2026-08-12,ITEM_03,37.0,Card,COMPLETED
2026-08-12,ITEM_04,46.0,Card,COMPLETED
2026-08-12,ITEM_05,63.0,Card,COMPLETED
2026-08-12,ITEM_06,8.0,Card,COMPLETED
2026-08-12,ITEM_07,2.0,Cash,COMPLETED
2026-08-12,ITEM_08,36.0,Card,COMPLETED
2026-08-13,ITEM_01,88.0,Cash,COMPLETED
2026-08-13,ITEM_02,41.0,Card,COMPLETED
2026-08-13,ITEM_03,41.0,Card,COMPLETED
2026-08-13,ITEM_04,55.0,Cash,COMPLETED
2026-08-13,ITEM_05,64.0,Card,COMPLETED
2026-08-13,ITEM_06,11.0,Card,COMPLETED
2026-08-13,ITEM_07,26.0,Cash,COMPLETED
2026-08-13,ITEM_08,3.0,Card,COMPLETED
2026-08-14,ITEM_01,82.0,Card,COMPLETED
2026-08-14,ITEM_02,44.0,Card,COMPLETED
2026-08-14,ITEM_03,31.0,Card,COMPLETED
2026-08-14,ITEM_04,40.0,Card,COMPLETED
2026-08-14,ITEM_05,6.0,Card,COMPLETED
2026-08-14,ITEM_06,13.0,Cash,COMPLETED
2026-08-14,ITEM_07,27.0,Cash,COMPLETED
2026-08-14,ITEM_08,28.0,Card,COMPLETED
2026-08-15,ITEM_01,115.0,Card,COMPLETED
2026-08-15,ITEM_02,45.0,Cash,COMPLETED
2026-08-15,ITEM_03,4.0,Card,COMPLETED
2026-08-15,ITEM_04,69.0,Card,COMPLETED
2026-08-15,ITEM_05,86.0,Card,COMPLETED
2026-08-15,ITEM_06,26.0,Card,COMPLETED
2026-08-15,ITEM_07,33.0,Card,COMPLETED
2026-08-15,ITEM_08,44.0,Card,COMPLETED
2026-08-16,ITEM_01,109.0,Card,COMPLETED
2026-08-16,ITEM_02,53.0,Card,COMPLETED
2026-08-16,ITEM_03,41.0,Card,COMPLETED
2026-08-16,ITEM_04,63.0,Card,COMPLETED
2026-08-16,ITEM_05,77.0,Cash,COMPLETED
2026-08-16,ITEM_06,18.0,Card,COMPLETED
2026-08-16,ITEM_07,36.0,Card,COMPLETED
2026-08-16,ITEM_08,34.0,Card,COMPLETED
2026-08-17,ITEM_01,74.0,Card,COMPLETED
2026-08-17,ITEM_02,46.0,Card,COMPLETED
2026-08-17,ITEM_03,35.0,Card,COMPLETED
2026-08-17,ITEM_04,61.0,Card,COMPLETED
2026-08-17,ITEM_05,58.0,Card,COMPLETED
2026-08-17,ITEM_06,22.0,Cash,COMPLETED
2026-08-17,ITEM_07,28.0,Card,COMPLETED
2026-08-17,ITEM_08,27.0,Card,COMPLETED
2026-08-18,ITEM_01,86.0,Cash,COMPLETED
2026-08-18,ITEM_02,38.0,Cash,COMPLETED
2026-08-18,ITEM_03,42.0,Cash,COMPLETED
2026-08-18,ITEM_04,44.0,Card,COMPLETED
2026-08-18,ITEM_05,6.0,Card,COMPLETED
2026-08-18,ITEM_06,16.0,Cash,COMPLETED
2026-08-18,ITEM_07,31.0,Card,COMPLETED
2026-08-18,ITEM_08,25.0,Cash,COMPLETED
2026-08-19,ITEM_01,80.0,Card,COMPLETED
2026-08-19,ITEM_02,48.0,Card,COMPLETED
2026-08-19,ITEM_03,37.0,Card,COMPLETED
2026-08-19,ITEM_04,48.0,Card,COMPLETED
2026-08-19,ITEM_05,51.0,Cash,COMPLETED
2026-08-19,ITEM_06,3.0,Cash,COMPLETED
2026-08-19,ITEM_07,27.0,Card,COMPLETED
2026-08-19,ITEM_08,27.0,Card,COMPLETED
2026-08-20,ITEM_01,81.0,Card,COMPLETED
2026-08-20,ITEM_02,32.0,Card,COMPLETED
2026-08-20,ITEM_03,37.0,Cash,COMPLETED
2026-08-20,ITEM_04,47.0,Card,COMPLETED
2026-08-20,ITEM_05,62.0,Cash,COMPLETED
2026-08-20,ITEM_06,5.0,Card,COMPLETED
2026-08-20,ITEM_07,31.0,Card,COMPLETED
2026-08-20,ITEM_08,25.0,Card,COMPLETED
2026-08-21,ITEM_01,85.0,Cash,COMPLETED
2026-08-21,ITEM_02,33.0,Card,COMPLETED
2026-08-21,ITEM_03,27.0,Card,COMPLETED
2026-08-21,ITEM_04,46.0,Card,COMPLETED
2026-08-21,ITEM_05,60.0,Cash,COMPLETED
2026-08-21,ITEM_06,11.0,Card,COMPLETED
2026-08-21,ITEM_07,34.0,Card,COMPLETED
2026-08-21,ITEM_08,-21.0,Card,INVALID_QTY
2026-08-22,ITEM_01,105.0,Card,COMPLETED
2026-08-22,ITEM_02,62.0,Cash,COMPLETED
2026-08-22,ITEM_03,50.0,Cash,COMPLETED
2026-08-22,ITEM_04,71.0,Cash,COMPLETED
2026-08-22,ITEM_05,72.0,Card,COMPLETED
2026-08-22,ITEM_06,12.0,Card,COMPLETED
2026-08-22,ITEM_07,33.0,Card,COMPLETED
2026-08-22,ITEM_08,38.0,Card,COMPLETED
2026-08-23,ITEM_01,118.0,Card,COMPLETED
2026-08-23,ITEM_02,52.0,Card,COMPLETED
2026-08-23,ITEM_03,48.0,Card,COMPLETED
2026-08-23,ITEM_04,74.0,Card,COMPLETED
2026-08-23,ITEM_05,81.0,Card,COMPLETED
2026-08-23,ITEM_06,17.0,Card,COMPLETED
2026-08-23,ITEM_07,24.0,Card,COMPLETED
2026-08-23,ITEM_08,44.0,Card,COMPLETED
2026-08-24,ITEM_01,80.0,Card,COMPLETED
2026-08-24,ITEM_02,48.0,Cash,COMPLETED
2026-08-24,ITEM_03,33.0,Cash,COMPLETED
2026-08-24,ITEM_04,52.0,Card,COMPLETED
2026-08-24,ITEM_05,52.0,Card,COMPLETED
2026-08-24,ITEM_06,12.0,Cash,COMPLETED
2026-08-24,ITEM_07,25.0,Cash,COMPLETED
2026-08-24,ITEM_08,28.0,Card,COMPLETED
2026-08-25,ITEM_01,80.0,Card,COMPLETED
2026-08-25,ITEM_02,40.0,Card,COMPLETED
2026-08-25,ITEM_03,31.0,Card,COMPLETED
2026-08-25,ITEM_04,38.0,Cash,COMPLETED
2026-08-25,ITEM_05,61.0,Card,COMPLETED
2026-08-25,ITEM_06,15.0,Card,COMPLETED
2026-08-25,ITEM_07,23.0,Card,COMPLETED
2026-08-25,ITEM_08,27.0,Card,COMPLETED
2026-08-26,ITEM_01,80.0,Card,COMPLETED
2026-08-26,ITEM_02,,Card,CORRUPTED
2026-08-26,ITEM_03,38.0,Card,COMPLETED
2026-08-26,ITEM_04,57.0,Card,COMPLETED
2026-08-26,ITEM_05,60.0,Card,COMPLETED
2026-08-26,ITEM_06,14.0,Cash,COMPLETED
2026-08-26,ITEM_07,15.0,Cash,COMPLETED
2026-08-26,ITEM_08,29.0,Cash,COMPLETED
2026-08-27,ITEM_01,89.0,Cash,COMPLETED
2026-08-27,ITEM_02,34.0,Card,COMPLETED
2026-08-27,ITEM_03,35.0,Card,COMPLETED
2026-08-27,ITEM_04,47.0,Card,COMPLETED
2026-08-27,ITEM_05,67.0,Card,COMPLETED
2026-08-27,ITEM_06,24.0,Card,COMPLETED
2026-08-27,ITEM_07,22.0,Card,COMPLETED
2026-08-27,ITEM_08,30.0,Cash,COMPLETED
2026-08-28,ITEM_01,89.0,Card,COMPLETED
2026-08-28,ITEM_02,39.0,Card,COMPLETED
2026-08-28,ITEM_03,31.0,Card,COMPLETED
2026-08-28,ITEM_04,50.0,Cash,COMPLETED
2026-08-28,ITEM_05,58.0,Cash,COMPLETED
2026-08-28,ITEM_06,9.0,Cash,COMPLETED
2026-08-28,ITEM_07,34.0,Card,COMPLETED
2026-08-28,ITEM_08,25.0,Cash,COMPLETED
2026-08-29,ITEM_01,105.0,Cash,COMPLETED
2026-08-29,ITEM_02,59.0,Card,COMPLETED
2026-08-29,ITEM_03,46.0,Card,COMPLETED
2026-08-29,ITEM_04,63.0,Card,COMPLETED
2026-08-29,ITEM_05,78.0,Card,COMPLETED
2026-08-29,ITEM_06,18.0,Card,COMPLETED
2026-08-29,ITEM_07,34.0,Card,COMPLETED
2026-08-29,ITEM_08,38.0,Cash,COMPLETED
2026-08-30,ITEM_01,115.0,Card,COMPLETED
2026-08-30,ITEM_02,53.0,Card,COMPLETED
2026-08-30,ITEM_03,53.0,Cash,COMPLETED
2026-08-30,ITEM_04,68.0,Cash,COMPLETED
2026-08-30,ITEM_05,77.0,Card,COMPLETED
2026-08-30,ITEM_06,22.0,Cash,COMPLETED
2026-08-30,ITEM_07,38.0,Card,COMPLETED
2026-08-30,ITEM_08,37.0,Card,COMPLETED
2026-08-31,ITEM_01,76.0,Card,COMPLETED
2026-08-31,ITEM_02,41.0,Cash,COMPLETED
2026-08-31,ITEM_03,35.0,Card,COMPLETED
2026-08-31,ITEM_04,52.0,Card,COMPLETED
2026-08-31,ITEM_05,65.0,Card,COMPLETED
2026-08-31,ITEM_06,16.0,Cash,COMPLETED
2026-08-31,ITEM_07,20.0,Card,COMPLETED
2026-08-31,ITEM_08,23.0,Cash,COMPLETED
